step,firm_id,sector,production,emissions,intensity,cash,credits_owned,abatement
0,POW_01,Power,41220.14,3.21,0.778,7818695.84,170,257.3317453403675
1,POW_01,Power,41269.21,3.12,0.757,7854591.78,217,190.4872267240994
2,POW_01,Power,40469.41,3.21,0.792,7866901.04,211,222.652320584042
3,POW_01,Power,42645.44,3.21,0.752,7836373.39,201,235.91948694837737
4,POW_01,Power,39961.62,3.13,0.783,7804363.06,211,191.51642720955718
5,POW_01,Power,40955.1,3.26,0.795,7825401.47,199,194.9035283652815
6,POW_01,Power,41413.85,3.18,0.767,7813737.91,189,136.41003078918422
7,POW_01,Power,41412.61,3.27,0.789,7801589.73,204,183.1830893790415
8,POW_01,Power,41066.84,3.11,0.757,7784581.67,217,158.6113672160604
9,POW_01,Power,41035.96,3.25,0.791,7839318.06,190,189.98933056929897
10,POW_01,Power,41968.87,3.3,0.786,7784436.64,236,191.97519832637735
11,POW_01,Power,43348.95,3.37,0.778,7862818.56,199,175.02383383811645
12,POW_01,Power,42247.4,3.37,0.798,7823867.25,198,174.98233669344654
13,POW_01,Power,43709.17,3.29,0.754,7801099.29,164,173.10323453499782
14,POW_01,Power,41769.48,3.09,0.739,7849979.37,196,248.07197977176963
15,POW_01,Power,39991.49,3.11,0.777,7831980.07,215,244.34175578893357
16,POW_01,Power,40700.7,3.19,0.783,7834647.38,184,186.84082408350562
17,POW_01,Power,41940.53,3.23,0.771,7854279.88,184,202.1205309362641
18,POW_01,Power,41513.49,3.1,0.746,7895735.3,195,178.13550688059925
19,POW_01,Power,43346.08,3.41,0.786,7850699.38,205,208.01350151315535
20,POW_01,Power,40878.4,3.2,0.782,7860533.69,203,196.4321020813736
21,POW_01,Power,41089.58,3.11,0.756,7849198.96,191,204.23672000316742
22,POW_01,Power,42190.73,3.15,0.747,7822342.14,184,218.86841461116384
23,POW_01,Power,41887.79,3.28,0.784,7830168.71,216,169.16335560384147
24,POW_01,Power,40611.47,3.09,0.76,7824643.68,208,236.25805682865175
25,POW_01,Power,41333.78,3.2,0.774,7811224.92,189,223.31325929015858
26,POW_01,Power,40762.3,3.27,0.802,7812916.54,208,224.9112293534054
27,POW_01,Power,40140.02,3.1,0.773,7835701.17,205,184.36756328380213
28,POW_01,Power,39147.69,2.95,0.755,7789572.67,218,175.8003537854174
29,POW_01,Power,38947.79,3.16,0.81,7795209.27,216,189.20629905869464
30,POW_01,Power,38345.68,2.99,0.78,7816324.2,246,155.23148824715878
31,POW_01,Power,38831.33,2.9,0.748,7811777.17,174,256.3076018634835
32,POW_01,Power,39543.03,3.25,0.822,7877109.84,233,227.2451537003475
33,POW_01,Power,40631.91,3.03,0.745,7818932.47,167,206.9554670983704
34,POW_01,Power,39109.56,3.06,0.782,7841196.39,211,209.74485987843192
35,POW_01,Power,36863.4,2.86,0.776,7814485.79,192,256.09079506647146
36,POW_01,Power,38215.75,2.88,0.753,7832023.46,194,236.67986010245727
37,POW_01,Power,38400.38,2.9,0.756,7836980.86,198,177.520544140127
38,POW_01,Power,36147.79,2.81,0.779,7814868.45,212,245.6784460859408
39,POW_01,Power,41587.79,3.23,0.777,7826697.45,180,218.8896221827107
40,POW_01,Power,36448.17,2.78,0.762,7832624.08,208,180.2930299949875
41,POW_01,Power,39336.19,3.01,0.766,7847314.67,209,225.36275007370057
42,POW_01,Power,37158.71,2.88,0.776,7862020.12,225,186.68546334647468
43,POW_01,Power,38786.36,3.04,0.783,7797176.91,191,216.70734152082835
44,POW_01,Power,39014.54,2.99,0.766,7808249.1,194,181.47174503244239
45,POW_01,Power,37726.94,2.77,0.734,7816444.42,161,187.43461479011717
46,POW_01,Power,37652.32,3.04,0.808,7822180.57,211,207.9457936642654
47,POW_01,Power,40008.76,3.15,0.788,7830890.76,228,225.73768203456507
48,POW_01,Power,39150.84,2.97,0.759,7850583.62,206,188.78059623265682
49,POW_01,Power,38132.4,2.88,0.755,7808171.75,214,204.23395091416913
50,POW_01,Power,40197.36,3.15,0.783,7840337.63,203,207.61224121299165
51,POW_01,Power,40121.23,3.13,0.779,7845123.53,208,227.10409612766622
52,POW_01,Power,41420.22,3.24,0.783,7818331.41,227,210.75543083384235
53,POW_01,Power,40791.98,3.1,0.76,7800171.12,191,172.8465043800128
54,POW_01,Power,39810.52,3.11,0.782,7866446.68,173,241.70499427914115
55,POW_01,Power,40698.07,2.99,0.734,7831798.51,207,251.24234212511337
56,POW_01,Power,40298.34,3.11,0.772,7854773.74,164,194.52938643159982
57,POW_01,Power,42087.44,3.29,0.782,7815216.64,198,218.63894046276974
58,POW_01,Power,42568.48,3.33,0.782,7842980.43,190,150.48795949352038
59,POW_01,Power,42871.96,3.33,0.778,7821368.36,214,134.66881931809456
60,POW_01,Power,42313.97,3.22,0.76,7820210.74,185,153.01469115553007
61,POW_01,Power,42748.96,3.1,0.725,7812420.84,190,241.33875206634153
62,POW_01,Power,42605.63,3.21,0.754,7797866.73,223,225.66074623711464
63,POW_01,Power,42967.5,3.16,0.735,7822439.43,221,159.10077660038593
64,POW_01,Power,42651.65,3.34,0.784,7842537.27,220,256.00129549198306
65,POW_01,Power,41960.13,3.16,0.754,7811338.93,222,131.66443189060453
66,POW_01,Power,40989.68,3.24,0.79,7813675.1,189,215.09788109266927
67,POW_01,Power,41741.2,3.29,0.789,7824051.59,188,179.52912439296563
68,POW_01,Power,40490.52,3.14,0.776,7834176.23,184,238.72801218632202
69,POW_01,Power,40493.39,3.08,0.76,7807362.24,202,227.64780385353745
70,POW_01,Power,41113.07,3.1,0.755,7808152.86,202,196.10985899830098
71,POW_01,Power,40132.58,3.07,0.765,7809305.64,173,191.47575205760396
72,POW_01,Power,40711.03,3.2,0.785,7859523.82,194,220.3802327767717
73,POW_01,Power,41638.92,3.23,0.777,7846844.27,206,166.35352862966946
74,POW_01,Power,41656.48,3.21,0.772,7842842.97,177,178.86744964659977
75,POW_01,Power,39875.74,3.12,0.784,7835510.82,215,170.19650742533213
76,POW_01,Power,40065.49,3.18,0.793,7856204.15,179,239.68270548347493
77,POW_01,Power,37708.81,2.83,0.75,7846847.08,201,263.536051571003
78,POW_01,Power,37794.55,2.98,0.789,7814174.73,208,282.7806698322272
79,POW_01,Power,37505.12,2.85,0.759,7829089.42,208,223.27022132542854
80,POW_01,Power,39216.01,3.09,0.787,7856445.48,199,173.14293474319453
81,POW_01,Power,36801.61,2.75,0.748,7804179.01,199,220.78972408078118
82,POW_01,Power,36223.49,2.82,0.778,7804323.34,185,274.86659834417065
83,POW_01,Power,37962.57,2.91,0.767,7847968.06,196,145.79033091533094
84,POW_01,Power,39591.56,3.06,0.772,7832266.09,237,202.58035472355306
85,POW_01,Power,39400.65,3.09,0.783,7831759.39,212,147.56458067004905
86,POW_01,Power,40011.18,3.18,0.795,7842579.7,228,261.1865428745084
87,POW_01,Power,39325.64,2.99,0.76,7831159.44,189,174.98193646777264
88,POW_01,Power,38079.75,3.01,0.791,7834005.79,200,212.6071553220167
89,POW_01,Power,37952.19,2.89,0.762,7834472.0,196,224.10158790690986
90,POW_01,Power,38280.22,3.01,0.785,7828722.1,164,190.58940045723102
91,POW_01,Power,35833.47,2.75,0.766,7852093.95,184,171.70939963547835
92,POW_01,Power,36847.0,2.85,0.773,7840987.09,222,201.83182660914017
93,POW_01,Power,38703.51,2.9,0.749,7822436.05,207,191.39273935250574
94,POW_01,Power,37957.34,2.96,0.781,7858020.03,199,213.52242963872385
95,POW_01,Power,39368.0,3.05,0.774,7843863.92,189,206.4651703707457
96,POW_01,Power,39367.33,3.22,0.817,7812398.52,184,170.75025771869042
97,POW_01,Power,40143.07,3.02,0.752,7795932.51,185,218.01526004512218
98,POW_01,Power,39509.14,3.07,0.776,7830626.26,258,155.41629691051278
99,POW_01,Power,38666.71,2.94,0.761,7827259.88,183,147.46166465726418
100,POW_01,Power,40221.81,3.03,0.752,7817562.45,196,188.7597307197249
101,POW_01,Power,39585.13,3.15,0.797,7837652.55,187,199.43035676687478
102,POW_01,Power,41454.0,3.23,0.779,7822870.92,191,201.39496997271587
103,POW_01,Power,40591.24,3.29,0.81,7799382.97,176,162.5823207849118
104,POW_01,Power,40197.52,3.05,0.758,7803537.54,190,166.2038752637579
105,POW_01,Power,40356.87,3.19,0.791,7815683.62,200,184.4766275434756
106,POW_01,Power,41165.61,3.23,0.784,7834275.95,190,203.3191895979137
107,POW_01,Power,41725.31,3.22,0.771,7821640.26,196,188.18438343075695
108,POW_01,Power,41966.56,3.21,0.765,7823689.0,183,173.937713455253
109,POW_01,Power,41990.77,3.29,0.782,7777141.28,202,198.6052456260748
110,POW_01,Power,40493.36,3.06,0.756,7827450.94,209,164.091900478998
111,POW_01,Power,41925.99,3.34,0.798,7859202.09,217,226.04190045351618
112,POW_01,Power,42734.35,3.48,0.814,7852462.04,194,187.83504506962365
113,POW_01,Power,41461.59,3.24,0.782,7830005.96,192,204.26818611506957
114,POW_01,Power,39844.97,3.02,0.759,7848785.59,167,194.5391496925581
115,POW_01,Power,41887.37,3.25,0.775,7830653.43,161,204.2692315125101
116,POW_01,Power,42102.33,3.24,0.769,7833946.84,195,115.31727180292522
117,POW_01,Power,41273.47,3.06,0.741,7810888.89,173,207.9288013538959
118,POW_01,Power,42332.07,3.31,0.781,7821377.12,233,200.39470035160545
119,POW_01,Power,41105.75,3.33,0.809,7830667.05,205,228.1409459979326
120,POW_01,Power,40644.85,3.14,0.772,7821383.94,214,239.67527127586092
121,POW_01,Power,40959.64,3.19,0.779,7792701.36,164,249.21643277653914
122,POW_01,Power,40682.65,3.07,0.755,7818187.72,185,162.5529776965334
123,POW_01,Power,40240.45,3.06,0.76,7815874.04,199,207.69709567483565
124,POW_01,Power,41211.8,3.23,0.783,7844688.67,165,170.54397671897598
125,POW_01,Power,39449.82,3.12,0.792,7807846.65,230,202.76747389255286
126,POW_01,Power,38963.93,2.97,0.761,7792390.98,209,180.72632056632978
127,POW_01,Power,41025.06,3.26,0.794,7808058.83,211,175.0063691109704
128,POW_01,Power,38649.26,2.98,0.771,7851711.69,230,197.2165678636796
129,POW_01,Power,38246.74,3.1,0.811,7818337.75,204,159.18390537107985
130,POW_01,Power,38051.1,3.05,0.801,7788141.83,197,189.5601657532725
131,POW_01,Power,35612.07,2.86,0.802,7814367.6,210,248.80504231783004
132,POW_01,Power,39114.72,2.94,0.751,7845874.61,225,233.85765766931084
133,POW_01,Power,37892.88,2.96,0.782,7802373.71,200,179.81111528871756
134,POW_01,Power,37118.07,2.99,0.807,7820041.65,235,195.62496133854407
135,POW_01,Power,37826.04,2.92,0.771,7834723.59,209,233.01488543941218
136,POW_01,Power,39168.58,3.14,0.801,7830970.73,194,220.61742268400724
137,POW_01,Power,38010.52,2.98,0.783,7810995.27,196,171.8997883184626
138,POW_01,Power,40726.02,3.36,0.825,7837372.8,192,161.45579413808954
139,POW_01,Power,37983.28,2.87,0.756,7826928.45,180,215.2971373918686
140,POW_01,Power,37209.47,2.83,0.761,7785197.21,227,138.07772442787495
141,POW_01,Power,36438.63,2.72,0.746,7837556.29,176,174.57830097287683
142,POW_01,Power,38800.59,2.93,0.755,7816184.9,202,211.6157792385619
143,POW_01,Power,38951.25,3.04,0.782,7823544.22,243,140.8676581840991
144,POW_01,Power,39802.56,3.04,0.765,7824305.08,256,245.9337895385384
145,POW_01,Power,38508.77,3.0,0.779,7811033.75,199,184.40787045128548
146,POW_01,Power,39244.97,2.96,0.755,7807788.83,197,192.0414676723153
147,POW_01,Power,40288.68,3.05,0.756,7827831.77,182,197.85733215307863
148,POW_01,Power,38882.57,3.0,0.771,7872987.42,174,217.6013994124197
149,POW_01,Power,39213.58,3.05,0.778,7808273.24,207,236.2517263397637
150,POW_01,Power,40719.46,3.16,0.776,7848047.09,188,163.4603103839973
151,POW_01,Power,39926.08,3.08,0.772,7820680.2,185,213.45296440558508
152,POW_01,Power,39819.03,3.27,0.822,7831701.95,170,194.00873664216277
153,POW_01,Power,38635.27,3.06,0.791,7803102.68,168,193.56210291332306
154,POW_01,Power,39588.24,3.1,0.782,7811377.19,217,215.87536093276478
155,POW_01,Power,40482.83,3.17,0.783,7836135.64,228,159.13740435193594
156,POW_01,Power,42794.51,3.41,0.798,7826281.71,252,197.83842307404646
157,POW_01,Power,41633.73,3.13,0.752,7831995.5,215,187.42600954515578
158,POW_01,Power,40565.73,3.29,0.811,7810021.42,229,211.35741677860952
159,POW_01,Power,42551.6,3.3,0.776,7786728.34,197,218.4337733762095
160,POW_01,Power,42715.8,3.26,0.762,7864705.93,205,196.00121203162092
161,POW_01,Power,41155.44,3.06,0.743,7808354.98,202,195.37210346025418
162,POW_01,Power,42568.15,3.44,0.807,7839150.78,172,245.4213917832351
163,POW_01,Power,43264.39,3.33,0.771,7812142.76,170,194.78126133623647
164,POW_01,Power,42280.84,3.23,0.764,7820436.54,194,197.42710678725618
165,POW_01,Power,41552.9,3.22,0.774,7857891.48,224,202.2478554077692
166,POW_01,Power,40852.2,3.07,0.751,7809829.06,207,193.79071986616805
167,POW_01,Power,40932.54,3.04,0.744,7805675.81,209,189.77150043702036
168,POW_01,Power,40011.38,3.04,0.759,7832615.96,207,195.70100193711346
169,POW_01,Power,40482.86,3.19,0.788,7806839.9,190,160.4087902319334
170,POW_01,Power,42130.97,3.33,0.79,7823972.45,209,153.3499635823581
171,POW_01,Power,41608.18,3.08,0.741,7815083.01,191,178.67667853648047
172,POW_01,Power,41976.29,3.48,0.829,7779942.25,205,231.1090232514591
173,POW_01,Power,40464.69,3.19,0.788,7796602.93,185,233.88571364181578
174,POW_01,Power,41552.97,3.21,0.774,7843246.89,217,220.418928884238
175,POW_01,Power,41916.09,3.3,0.788,7795591.01,226,161.64351366188586
176,POW_01,Power,40309.06,3.05,0.756,7809958.7,219,167.68139609861262
177,POW_01,Power,39368.68,3.02,0.766,7796237.93,199,143.94664163724272
178,POW_01,Power,38958.92,2.89,0.742,7822134.53,190,225.75016306654354
179,POW_01,Power,39393.52,3.02,0.767,7826288.01,224,179.66980369307038
180,POW_01,Power,38823.08,3.01,0.777,7821879.99,190,166.9074118448311
181,POW_01,Power,38609.44,2.93,0.759,7796193.1,186,224.70188641155818
182,POW_01,Power,39040.73,3.06,0.783,7834069.27,191,193.97630785055654
183,POW_01,Power,37732.05,2.9,0.769,7808479.57,218,176.1632928088032
184,POW_01,Power,37839.44,3.01,0.795,7826648.21,198,197.02759068538057
185,POW_01,Power,36989.63,3.0,0.81,7841910.34,190,173.79433708685528
186,POW_01,Power,38609.61,2.95,0.763,7837593.28,210,190.0872524338636
187,POW_01,Power,38091.31,3.07,0.807,7804470.55,200,222.87130512926734
188,POW_01,Power,38083.03,2.95,0.774,7828618.29,194,233.942290888655
189,POW_01,Power,37873.79,2.86,0.754,7875589.12,187,219.1384581218595
190,POW_01,Power,38664.93,2.98,0.77,7789097.26,227,240.46678565729889
191,POW_01,Power,39026.03,3.03,0.776,7858439.88,173,218.81048488658251
192,POW_01,Power,39478.72,3.06,0.774,7804213.66,182,163.71732314797455
193,POW_01,Power,37533.12,2.89,0.771,7785379.0,215,172.8469163377109
194,POW_01,Power,39505.67,3.09,0.782,7784131.89,186,162.83733226864476
195,POW_01,Power,39412.66,3.15,0.8,7774803.59,203,191.10536073932994
196,POW_01,Power,41005.13,2.98,0.728,7834595.91,205,191.35965898624954
197,POW_01,Power,39065.35,3.16,0.809,7810485.78,206,176.31255592129796
198,POW_01,Power,41209.02,3.08,0.748,7795151.94,207,198.36697805338432
199,POW_01,Power,39886.46,3.07,0.771,7850472.24,185,154.4794922950411
0,POW_02,Power,50190.11,4.32,0.861,6770284.61,631,151.12429782814178
1,POW_02,Power,49996.46,4.04,0.808,6752843.3,588,246.5096455472282
2,POW_02,Power,48509.77,3.87,0.798,6775011.53,630,207.37382896139647
3,POW_02,Power,50530.58,4.07,0.805,6790190.24,628,155.14664869707863
4,POW_02,Power,52308.87,4.27,0.816,6793809.12,597,163.0813787076533
5,POW_02,Power,50398.72,4.08,0.809,6795099.86,593,203.78457775232863
6,POW_02,Power,50200.1,4.18,0.833,6778991.89,615,265.5925436552709
7,POW_02,Power,51383.79,4.34,0.844,6748268.65,623,201.6291975411192
8,POW_02,Power,51752.82,4.22,0.816,6758243.65,564,181.9948318579211
9,POW_02,Power,50848.68,4.16,0.818,6792000.16,669,215.08360674195006
10,POW_02,Power,52901.1,4.42,0.835,6789394.66,637,191.39936270146956
11,POW_02,Power,51641.61,4.28,0.829,6810897.8,641,247.75075496386367
12,POW_02,Power,50715.94,4.2,0.828,6782963.41,636,158.37970560375066
13,POW_02,Power,50172.01,3.92,0.781,6767010.34,672,206.22014432179108
14,POW_02,Power,50768.83,4.21,0.83,6768972.52,629,186.21769916639272
15,POW_02,Power,50610.64,4.11,0.813,6789308.24,631,236.5623034380111
16,POW_02,Power,50725.2,4.28,0.844,6776346.18,629,237.59562268201057
17,POW_02,Power,51525.61,4.27,0.829,6788070.75,639,224.89529620090397
18,POW_02,Power,52774.58,4.4,0.834,6766623.94,675,199.85379887550695
19,POW_02,Power,51657.86,4.18,0.809,6731899.08,612,202.92724882585995
20,POW_02,Power,51576.73,4.25,0.825,6791464.26,646,230.70284829027977
21,POW_02,Power,50790.22,4.19,0.826,6771290.12,610,243.9460807544139
22,POW_02,Power,49265.23,4.05,0.823,6780102.02,585,223.49464568468971
23,POW_02,Power,49862.17,4.13,0.829,6768921.62,597,207.12262183524055
24,POW_02,Power,50013.13,4.22,0.844,6785008.08,594,234.29470713928106
25,POW_02,Power,50394.19,4.23,0.839,6785191.44,613,217.26861653963752
26,POW_02,Power,48924.12,4.31,0.882,6770703.17,605,191.0830924065165
27,POW_02,Power,50422.9,4.1,0.813,6726521.81,656,211.12165685905032
28,POW_02,Power,48191.18,4.04,0.838,6756891.27,604,229.8732840832584
29,POW_02,Power,47889.95,4.0,0.835,6775543.38,643,204.55826995325427
30,POW_02,Power,46093.87,3.86,0.838,6765755.47,644,204.6765608238631
31,POW_02,Power,49326.66,4.03,0.818,6734044.8,621,216.7096379867226
32,POW_02,Power,47347.04,3.86,0.815,6804603.92,624,232.85609467204623
33,POW_02,Power,47654.03,3.79,0.795,6756239.4,621,210.45841686220143
34,POW_02,Power,46543.79,3.7,0.796,6754689.63,617,174.65772490500092
35,POW_02,Power,46655.75,4.02,0.861,6780514.39,611,200.85494607173425
36,POW_02,Power,48738.73,4.08,0.837,6772812.61,600,150.14197934802473
37,POW_02,Power,46778.87,3.84,0.822,6742271.72,600,199.82327370597926
38,POW_02,Power,44900.89,3.54,0.79,6773643.2,637,210.6191580923588
39,POW_02,Power,48155.68,4.12,0.856,6792593.26,622,265.01961351688976
40,POW_02,Power,48921.21,4.12,0.843,6758421.51,634,138.39547778403374
41,POW_02,Power,47022.64,3.64,0.774,6766268.38,647,201.8808241932825
42,POW_02,Power,49125.19,4.05,0.824,6776749.49,621,217.42146202783522
43,POW_02,Power,47662.19,4.04,0.848,6807017.08,634,167.8264983348784
44,POW_02,Power,48472.78,4.13,0.851,6787802.16,632,229.9209206590204
45,POW_02,Power,49474.95,3.82,0.772,6805174.92,642,216.1892419346226
46,POW_02,Power,47864.27,3.97,0.829,6786908.27,598,224.22864607424313
47,POW_02,Power,48774.09,4.16,0.854,6788264.81,624,203.43526309956226
48,POW_02,Power,49641.99,4.11,0.827,6785640.34,613,164.3201677325645
49,POW_02,Power,48733.17,3.88,0.796,6759087.05,634,152.8203281313195
50,POW_02,Power,48385.75,4.06,0.839,6763983.51,626,164.7030697273612
51,POW_02,Power,48881.88,4.0,0.818,6807174.04,636,151.56173918041216
52,POW_02,Power,50680.34,4.27,0.843,6788313.71,603,199.81862434731715
53,POW_02,Power,52651.9,4.24,0.806,6781110.33,613,163.66828569695977
54,POW_02,Power,50378.17,4.26,0.845,6797580.2,610,187.6188519638322
55,POW_02,Power,50184.14,3.93,0.783,6786473.16,658,246.86319533851793
56,POW_02,Power,50848.01,4.33,0.851,6796175.41,621,201.77858327382984
57,POW_02,Power,51161.51,4.24,0.829,6810649.7,609,166.20588298660232
58,POW_02,Power,52589.42,4.34,0.826,6736548.75,608,177.3044656014676
59,POW_02,Power,51260.41,4.26,0.831,6794274.69,625,206.67411596407658
60,POW_02,Power,51242.0,4.33,0.845,6801252.54,623,180.0522031073516
61,POW_02,Power,54138.19,4.57,0.843,6756520.02,594,193.51906417563632
62,POW_02,Power,53306.08,4.34,0.814,6769454.57,618,221.93670449087477
63,POW_02,Power,53504.71,4.28,0.8,6768587.16,624,183.76939413752174
64,POW_02,Power,50875.8,4.28,0.841,6777457.77,642,247.98257394467925
65,POW_02,Power,51631.46,4.32,0.836,6766262.96,626,212.55919839992762
66,POW_02,Power,51720.68,4.11,0.795,6804482.88,630,168.22925553660662
67,POW_02,Power,49525.49,4.08,0.825,6787364.37,647,236.20321353962993
68,POW_02,Power,51172.24,4.29,0.838,6743375.48,630,230.16988980366213
69,POW_02,Power,50729.75,4.17,0.822,6776332.69,630,247.4062771175077
70,POW_02,Power,50020.13,4.26,0.852,6749168.89,615,179.3631689899625
71,POW_02,Power,50751.94,4.14,0.815,6783781.59,628,268.8055627964601
72,POW_02,Power,50944.06,4.18,0.82,6781562.35,639,196.96676185230226
73,POW_02,Power,49147.13,3.98,0.809,6777584.76,644,217.15964642885336
74,POW_02,Power,49869.54,4.17,0.836,6764122.02,632,245.37391180665423
75,POW_02,Power,50763.38,4.33,0.852,6766504.73,631,172.36039176433127
76,POW_02,Power,50253.47,4.1,0.817,6747439.32,618,210.2225430682995
77,POW_02,Power,46817.5,3.73,0.797,6793518.69,629,201.22344615165943
78,POW_02,Power,47119.75,4.04,0.857,6794247.76,641,169.1769607082062
79,POW_02,Power,49026.07,4.16,0.848,6767085.91,623,188.3323229152037
80,POW_02,Power,48783.63,4.0,0.82,6767213.25,599,152.62921152929405
81,POW_02,Power,48881.02,4.19,0.856,6790784.41,656,186.27018359408507
82,POW_02,Power,47679.25,3.97,0.832,6770096.81,661,162.59629663871704
83,POW_02,Power,46970.65,3.84,0.818,6759169.82,644,142.49787109287436
84,POW_02,Power,48530.47,4.09,0.843,6779611.82,655,272.878995510829
85,POW_02,Power,47463.76,3.98,0.84,6781156.35,638,187.4211109009655
86,POW_02,Power,46489.45,3.89,0.837,6762934.98,646,226.63827036990324
87,POW_02,Power,46729.69,3.89,0.832,6774990.41,626,236.87459053924908
88,POW_02,Power,47220.68,3.92,0.83,6734676.9,639,159.83789315471617
89,POW_02,Power,46835.72,4.02,0.857,6809110.3,621,165.35931201021478
90,POW_02,Power,47700.27,3.9,0.817,6780202.58,602,236.63216124733202
91,POW_02,Power,48964.34,3.9,0.796,6757993.57,615,225.0968992449506
92,POW_02,Power,45603.03,3.78,0.83,6768807.44,613,224.24543959212534
93,POW_02,Power,45804.09,3.66,0.798,6757704.19,642,192.77115562947805
94,POW_02,Power,47138.01,3.94,0.835,6763735.03,616,194.21008953702517
95,POW_02,Power,48548.25,4.27,0.879,6751620.01,633,198.76186353991264
96,POW_02,Power,48217.64,4.13,0.856,6788902.62,641,190.0393112948568
97,POW_02,Power,47918.98,3.99,0.832,6767788.89,618,223.86101446319816
98,POW_02,Power,47861.45,3.88,0.811,6789277.13,626,223.88202978175278
99,POW_02,Power,48523.97,4.08,0.84,6759395.36,655,227.74688286040103
100,POW_02,Power,50155.09,4.3,0.857,6780611.31,617,250.72181272179256
101,POW_02,Power,50352.8,4.28,0.85,6776723.21,652,178.40253090085938
102,POW_02,Power,49054.73,3.92,0.798,6788913.26,590,151.05351262653738
103,POW_02,Power,49200.86,4.09,0.831,6782488.69,613,228.1747929334952
104,POW_02,Power,51222.16,4.36,0.851,6792635.11,616,210.66213272091355
105,POW_02,Power,51004.73,4.26,0.836,6777854.45,629,226.1022679429578
106,POW_02,Power,51473.92,4.33,0.841,6774511.43,626,232.48951154340335
107,POW_02,Power,52579.23,4.48,0.851,6786376.6,626,210.61101915582248
108,POW_02,Power,51969.38,4.11,0.791,6751348.7,659,203.1487554323958
109,POW_02,Power,49116.11,4.05,0.824,6776912.92,605,273.02125881418783
110,POW_02,Power,53198.67,4.48,0.843,6769855.47,638,230.08886756847318
111,POW_02,Power,52626.52,4.28,0.813,6777328.21,631,213.5020634058557
112,POW_02,Power,51148.53,4.25,0.832,6773443.53,633,210.6160847187443
113,POW_02,Power,50746.0,4.28,0.843,6788144.75,603,201.56643311041762
114,POW_02,Power,51286.61,4.19,0.817,6793018.41,639,263.41048249074043
115,POW_02,Power,52140.61,4.19,0.804,6775053.94,580,257.09052518550493
116,POW_02,Power,52182.15,4.36,0.835,6775474.08,612,199.81095519225406
117,POW_02,Power,50976.4,4.16,0.815,6778695.22,604,251.92637418068563
118,POW_02,Power,50493.96,4.25,0.842,6758945.61,603,213.78838479212862
119,POW_02,Power,51489.54,4.22,0.82,6770027.7,615,214.37203971143805
120,POW_02,Power,50584.98,4.17,0.825,6792904.32,601,184.14927802088377
121,POW_02,Power,50113.6,4.05,0.808,6743627.0,622,205.29396344283222
122,POW_02,Power,50378.69,3.99,0.792,6783675.91,640,202.6211557549055
123,POW_02,Power,49193.41,3.97,0.807,6808696.09,660,214.46806577521613
124,POW_02,Power,48968.57,4.16,0.849,6773342.88,659,183.07806002400702
125,POW_02,Power,50027.17,4.1,0.819,6784672.04,614,227.49005464034445
126,POW_02,Power,48866.49,3.94,0.806,6780951.18,630,137.0610567047652
127,POW_02,Power,48901.48,4.04,0.825,6773278.51,666,180.87257051925795
128,POW_02,Power,48629.38,3.84,0.79,6740530.75,615,196.12154080666687
129,POW_02,Power,48166.56,4.03,0.836,6783999.95,646,195.10976320126605
130,POW_02,Power,48589.06,3.93,0.809,6776565.53,635,184.99896142589785
131,POW_02,Power,44653.86,3.62,0.81,6820627.79,625,180.88681169159634
132,POW_02,Power,47751.53,4.04,0.845,6775903.9,622,161.56527124454763
133,POW_02,Power,47165.84,3.77,0.799,6776228.48,656,231.45290792925712
134,POW_02,Power,46719.73,3.75,0.804,6741328.37,634,216.90382519091125
135,POW_02,Power,47982.72,3.98,0.83,6744868.99,588,233.154000610179
136,POW_02,Power,46276.96,3.98,0.861,6726749.63,604,171.61605647271543
137,POW_02,Power,47334.19,3.96,0.836,6757716.25,637,160.54795840191827
138,POW_02,Power,46567.04,3.72,0.799,6757511.2,613,208.54266712960577
139,POW_02,Power,50537.82,4.02,0.796,6764481.54,639,201.48859667722385
140,POW_02,Power,48595.04,3.9,0.802,6783942.58,610,223.88559564187037
141,POW_02,Power,47459.04,3.93,0.828,6756674.41,589,166.26659633664468
142,POW_02,Power,48149.54,3.94,0.818,6783072.11,600,218.5451908107544
143,POW_02,Power,48631.92,3.79,0.779,6774725.17,664,176.77146210578934
144,POW_02,Power,48837.6,4.02,0.824,6785389.05,618,176.2628198789748
145,POW_02,Power,47655.8,3.89,0.816,6756552.51,609,232.61691812215088
146,POW_02,Power,47766.98,3.82,0.799,6749571.84,635,132.76825047385037
147,POW_02,Power,49128.05,4.11,0.837,6793778.8,617,175.02609779598072
148,POW_02,Power,49101.94,4.06,0.826,6794502.47,626,186.94291491747285
149,POW_02,Power,47904.75,3.92,0.819,6769754.57,649,202.9448746701232
150,POW_02,Power,50896.74,4.32,0.848,6752936.97,604,180.80169099346477
151,POW_02,Power,49626.97,4.01,0.807,6782221.37,639,236.09944053447475
152,POW_02,Power,50447.37,4.11,0.814,6776385.21,608,204.37011947008804
153,POW_02,Power,49705.39,4.21,0.846,6714944.12,642,226.45075284225499
154,POW_02,Power,50707.31,4.21,0.83,6772259.69,651,249.61101631882758
155,POW_02,Power,51022.77,4.37,0.856,6755269.42,634,213.12717978033086
156,POW_02,Power,49991.31,4.15,0.83,6754743.04,641,173.35477134300953
157,POW_02,Power,49691.46,3.96,0.797,6768460.99,632,210.20835476433865
158,POW_02,Power,50885.57,4.27,0.839,6756999.09,622,229.4007349228276
159,POW_02,Power,51636.83,4.06,0.786,6782186.54,626,188.39788855953145
160,POW_02,Power,53199.91,4.31,0.811,6780905.51,628,277.8781733030636
161,POW_02,Power,50189.48,4.15,0.827,6774730.2,647,187.32534326818023
162,POW_02,Power,51392.75,4.37,0.851,6759231.0,631,198.3913750268359
163,POW_02,Power,52409.49,4.17,0.796,6756848.16,625,203.1537585147494
164,POW_02,Power,53083.61,4.42,0.833,6779131.87,625,237.63269384715971
165,POW_02,Power,51303.04,4.21,0.821,6737835.96,605,225.36856504959877
166,POW_02,Power,51746.68,4.07,0.786,6766628.35,622,165.83138459708383
167,POW_02,Power,51976.39,4.25,0.818,6767597.58,644,181.33289959908333
168,POW_02,Power,52534.66,4.3,0.818,6762202.74,651,211.14005866565904
169,POW_02,Power,50839.49,4.17,0.821,6771569.9,597,219.73210189635253
170,POW_02,Power,51000.36,4.07,0.797,6748372.1,643,161.85939794712556
171,POW_02,Power,52885.63,4.24,0.802,6771247.85,575,197.49675491549678
172,POW_02,Power,49933.28,4.16,0.833,6770815.78,619,263.87683306094584
173,POW_02,Power,50922.01,4.12,0.808,6773736.74,568,181.68420656384836
174,POW_02,Power,51080.08,4.15,0.812,6769423.43,603,222.49987409982742
175,POW_02,Power,49637.05,4.08,0.823,6785050.92,657,222.72368242961056
176,POW_02,Power,47472.89,3.94,0.83,6771465.5,603,150.17717867886358
177,POW_02,Power,48483.05,3.96,0.816,6764654.54,611,203.06458712791883
178,POW_02,Power,48882.55,3.99,0.816,6773520.79,614,151.09368863795123
179,POW_02,Power,48296.04,4.06,0.84,6819677.56,583,183.02876732720355
180,POW_02,Power,47163.09,3.9,0.827,6748130.57,627,227.85435053888162
181,POW_02,Power,47051.15,3.86,0.821,6797994.88,642,149.73401042310735
182,POW_02,Power,49663.94,4.02,0.809,6771760.47,617,184.76014780023255
183,POW_02,Power,46718.1,3.9,0.835,6750210.04,600,181.40684996742806
184,POW_02,Power,47263.15,3.7,0.782,6781550.69,611,220.22887295248202
185,POW_02,Power,48533.0,4.02,0.829,6776373.87,617,178.48794472250972
186,POW_02,Power,45180.61,3.7,0.819,6754742.08,578,206.81661544632985
187,POW_02,Power,48555.26,4.03,0.83,6788866.22,620,168.18405480722464
188,POW_02,Power,47103.37,3.84,0.815,6742898.77,645,203.76770270110373
189,POW_02,Power,46423.35,3.84,0.826,6762609.55,637,246.6089016232078
190,POW_02,Power,46540.08,3.72,0.799,6793144.04,673,180.5563896027846
191,POW_02,Power,46364.66,3.7,0.799,6765420.07,627,191.07147424945055
192,POW_02,Power,48264.76,3.89,0.806,6753693.08,601,240.52987996993255
193,POW_02,Power,48687.37,4.13,0.849,6748736.18,652,207.78188802181725
194,POW_02,Power,48547.16,4.05,0.834,6759219.11,623,153.09046729322824
195,POW_02,Power,47525.87,3.89,0.818,6742546.06,627,237.54369919227554
196,POW_02,Power,47846.02,3.84,0.804,6748588.02,629,251.60866795722825
197,POW_02,Power,48786.12,4.02,0.824,6740823.28,632,218.12164094210453
198,POW_02,Power,48514.5,3.99,0.822,6752387.47,640,239.36071539493952
199,POW_02,Power,49602.25,4.13,0.833,6766579.93,613,176.28924789566176
0,STE_01,Steel,86580.89,8.07,0.932,3172883.83,2943,224.1346189549519
1,STE_01,Steel,87927.15,7.95,0.904,3202458.58,2964,214.8365822089763
2,STE_01,Steel,87174.07,8.35,0.958,3166767.62,2954,159.2959335846314
3,STE_01,Steel,89546.83,8.48,0.947,3214432.96,2939,189.34805551628847
4,STE_01,Steel,88677.77,8.27,0.932,3186357.82,2948,164.61678614725577
5,STE_01,Steel,90272.07,8.46,0.937,3148435.48,2957,206.74307563946365
6,STE_01,Steel,91187.57,8.74,0.959,3171023.83,2937,192.7946731515953
7,STE_01,Steel,92361.58,8.38,0.907,3182742.75,2961,178.8373689571324
8,STE_01,Steel,91689.76,8.53,0.93,3200925.9,2956,172.2970174815755
9,STE_01,Steel,91173.67,8.17,0.896,3231327.19,2932,178.28205069792608
10,STE_01,Steel,91380.29,8.61,0.942,3184627.65,2945,217.9524429960445
11,STE_01,Steel,91786.82,8.45,0.92,3185673.71,2939,239.6023552595637
12,STE_01,Steel,91810.91,8.32,0.906,3189634.62,2943,198.07753990621325
13,STE_01,Steel,91784.65,8.18,0.891,3196798.49,2976,234.21051153341153
14,STE_01,Steel,92815.17,8.74,0.942,3237519.26,2969,195.43611722451735
15,STE_01,Steel,91960.64,8.59,0.934,3201577.0,2957,214.30422485331786
16,STE_01,Steel,92945.14,8.58,0.924,3187583.35,2965,212.01061051698113
17,STE_01,Steel,90974.08,8.49,0.933,3210643.04,2989,178.19955241455622
18,STE_01,Steel,90730.43,8.34,0.919,3185598.62,2942,229.70641662542738
19,STE_01,Steel,91065.53,8.31,0.913,3182754.53,2937,197.22170059215162
20,STE_01,Steel,91046.24,8.49,0.933,3197188.49,2944,183.88772879611378
21,STE_01,Steel,89097.77,8.16,0.916,3165443.45,2974,207.17003452345767
22,STE_01,Steel,89599.9,8.4,0.937,3202376.69,2940,185.87117736293578
23,STE_01,Steel,87184.97,8.18,0.938,3172902.26,2940,188.0403703515833
24,STE_01,Steel,88729.27,8.18,0.922,3230165.51,2947,265.8020874630677
25,STE_01,Steel,87823.33,8.19,0.933,3186010.27,2939,164.89107758426275
26,STE_01,Steel,86973.76,8.32,0.956,3230046.97,2922,177.24849480335416
27,STE_01,Steel,87544.37,8.32,0.95,3191763.98,2946,201.09635528316292
28,STE_01,Steel,85175.2,7.79,0.914,3192937.42,2912,193.32334847078494
29,STE_01,Steel,85411.04,8.08,0.946,3170724.18,2964,113.7846510223601
30,STE_01,Steel,84227.1,7.72,0.917,3157033.9,2947,171.57820135722926
31,STE_01,Steel,84422.25,7.97,0.945,3224465.24,2935,230.60835261699765
32,STE_01,Steel,83907.25,7.82,0.932,3205821.27,2950,214.13946030339224
33,STE_01,Steel,85494.59,8.03,0.939,3210900.86,2945,206.3324411395324
34,STE_01,Steel,82755.18,7.88,0.952,3201530.17,2929,204.52214056682067
35,STE_01,Steel,83419.14,7.57,0.907,3183541.31,2929,147.38098020674943
36,STE_01,Steel,83137.51,7.62,0.917,3187404.71,2923,173.748226988086
37,STE_01,Steel,84235.77,7.67,0.911,3176064.45,2988,250.08773306177093
38,STE_01,Steel,82666.63,7.66,0.927,3180936.65,2944,134.869681390379
39,STE_01,Steel,82172.27,7.76,0.944,3138450.68,2937,186.71933978564846
40,STE_01,Steel,84393.55,7.93,0.94,3175185.52,2954,186.467889586228
41,STE_01,Steel,83983.76,7.73,0.92,3211695.49,2975,204.09263361570154
42,STE_01,Steel,82872.27,7.69,0.928,3234772.9,2958,219.11214953699846
43,STE_01,Steel,83274.08,7.91,0.95,3193996.25,2955,151.93055530690754
44,STE_01,Steel,82142.1,7.85,0.956,3192166.48,2942,225.96638190988008
45,STE_01,Steel,84218.55,7.79,0.926,3182097.54,2925,207.54450445202588
46,STE_01,Steel,85168.78,8.01,0.941,3174760.11,2961,189.40597956080725
47,STE_01,Steel,86165.59,7.93,0.92,3183326.85,2921,190.99325964626777
48,STE_01,Steel,87289.57,8.08,0.926,3222352.65,2947,187.12942850472197
49,STE_01,Steel,88496.36,8.33,0.941,3193573.6,2989,160.0864368701727
50,STE_01,Steel,86975.47,8.12,0.933,3217037.78,2946,222.95086521780996
51,STE_01,Steel,86988.9,8.34,0.959,3187919.59,2929,168.57622896080136
52,STE_01,Steel,88116.12,7.91,0.897,3183770.86,2919,149.26041681436925
53,STE_01,Steel,88960.89,7.97,0.896,3184632.66,2928,204.92280709180605
54,STE_01,Steel,90740.45,8.5,0.937,3218039.4,2943,160.81928238431993
55,STE_01,Steel,89414.75,8.23,0.921,3192424.19,2946,170.0808022327789
56,STE_01,Steel,89804.36,8.31,0.925,3188797.46,2957,200.0470480547992
57,STE_01,Steel,89381.62,8.23,0.921,3206214.48,2949,153.63430632358606
58,STE_01,Steel,90477.93,8.27,0.914,3204359.05,2953,211.67661807179843
59,STE_01,Steel,91263.75,8.71,0.955,3201956.49,2970,173.02028975249553
60,STE_01,Steel,90158.87,8.32,0.923,3183169.98,2934,207.47448304414473
61,STE_01,Steel,90460.03,8.45,0.934,3192452.7,2967,206.1402557526183
62,STE_01,Steel,91166.65,8.43,0.925,3229966.89,2978,202.57070819226368
63,STE_01,Steel,90606.93,8.43,0.93,3209998.25,2927,183.9497584411597
64,STE_01,Steel,91956.75,8.51,0.925,3169756.23,2936,198.99079702745055
65,STE_01,Steel,92076.71,8.49,0.922,3186772.04,2931,185.91787651815997
66,STE_01,Steel,90045.07,8.37,0.929,3213157.79,2942,188.4499554738745
67,STE_01,Steel,93343.32,8.77,0.939,3213148.62,2901,201.69244168291823
68,STE_01,Steel,91181.35,8.6,0.943,3157244.24,2937,202.05055023566257
69,STE_01,Steel,89147.13,8.12,0.911,3204556.58,2946,203.71696479393012
70,STE_01,Steel,91906.53,8.81,0.959,3196807.15,2955,223.14265129200825
71,STE_01,Steel,87085.89,8.21,0.943,3208889.16,2929,192.31841587121497
72,STE_01,Steel,90073.23,8.26,0.917,3183504.47,2964,217.59076017132003
73,STE_01,Steel,89351.87,8.14,0.911,3167245.45,2941,207.2491834880163
74,STE_01,Steel,86232.81,8.1,0.939,3197331.1,2933,211.40526953554067
75,STE_01,Steel,88026.47,8.32,0.945,3195756.94,2962,182.57622029544177
76,STE_01,Steel,84882.87,7.64,0.9,3171000.73,2977,183.10607481128184
77,STE_01,Steel,86316.08,8.29,0.96,3174176.54,2959,190.74891592812813
78,STE_01,Steel,85928.56,7.87,0.916,3206095.27,2948,202.88589527184254
79,STE_01,Steel,87306.08,8.24,0.943,3143913.57,2939,183.53323074535496
80,STE_01,Steel,84541.01,7.89,0.933,3190221.48,2926,219.03842987322906
81,STE_01,Steel,86644.09,8.35,0.964,3199449.07,2909,187.33753293430138
82,STE_01,Steel,83821.96,8.06,0.962,3181868.0,2967,200.65080289250432
83,STE_01,Steel,81828.68,7.7,0.941,3184384.28,2907,210.70294200948018
84,STE_01,Steel,84254.48,8.05,0.955,3182888.49,2984,161.26072818671793
85,STE_01,Steel,82929.94,7.61,0.918,3170833.56,2934,165.61377700353518
86,STE_01,Steel,82701.01,7.76,0.938,3200002.97,2908,179.4806095646145
87,STE_01,Steel,82517.88,7.43,0.901,3189806.22,2943,196.4139530192984
88,STE_01,Steel,83886.53,7.62,0.908,3140153.1,2912,203.6468369453601
89,STE_01,Steel,84439.16,7.67,0.908,3207488.53,2920,164.54013922185374
90,STE_01,Steel,82614.56,7.64,0.925,3160573.66,2924,164.95431552829768
91,STE_01,Steel,83907.62,8.01,0.955,3184602.33,2938,176.81108135525338
92,STE_01,Steel,83153.43,7.79,0.937,3186987.44,2953,221.70428862125067
93,STE_01,Steel,83419.26,7.77,0.932,3219539.54,2918,163.84286894335986
94,STE_01,Steel,83402.23,8.05,0.965,3173242.34,2947,230.88340178884232
95,STE_01,Steel,83995.33,7.96,0.947,3196597.76,2938,216.96232334247037
96,STE_01,Steel,85730.61,7.92,0.924,3169159.81,2981,187.44887906735477
97,STE_01,Steel,86355.35,8.05,0.932,3169993.68,2976,176.11104095166957
98,STE_01,Steel,85449.89,7.93,0.928,3205951.8,2928,200.0655078975955
99,STE_01,Steel,86811.4,8.32,0.958,3182164.54,2947,203.77125295992073
100,STE_01,Steel,88629.76,8.37,0.944,3216856.64,2954,251.8015884109261
101,STE_01,Steel,87862.51,8.28,0.943,3177471.93,2963,195.61046740330664
102,STE_01,Steel,88804.68,8.21,0.924,3199873.24,2951,196.60698756526065
103,STE_01,Steel,89421.01,8.51,0.952,3223735.33,2949,162.1113615980206
104,STE_01,Steel,89507.44,8.29,0.926,3184988.32,2982,208.7696012110768
105,STE_01,Steel,89532.93,8.36,0.934,3188104.66,2920,199.9968199416066
106,STE_01,Steel,88768.42,8.04,0.906,3199949.21,2946,199.1837389969682
107,STE_01,Steel,90775.15,8.67,0.956,3153294.78,2956,183.68858498763063
108,STE_01,Steel,91313.69,8.73,0.956,3151036.76,2977,217.66961764360332
109,STE_01,Steel,92462.94,8.78,0.949,3195094.43,2911,221.34496557812182
110,STE_01,Steel,91873.43,8.63,0.939,3144815.72,2947,196.53541713264315
111,STE_01,Steel,92150.33,8.71,0.945,3211179.21,2945,214.70947320447584
112,STE_01,Steel,90154.36,8.35,0.927,3190143.52,2923,139.28944647242065
113,STE_01,Steel,91715.73,8.26,0.901,3206593.69,2954,209.90331485802807
114,STE_01,Steel,91039.4,8.3,0.912,3163974.1,2952,237.43263049647786
115,STE_01,Steel,92893.64,8.43,0.908,3182166.2,2934,218.4044416366804
116,STE_01,Steel,91837.19,8.36,0.911,3166629.51,2963,207.70025760852047
117,STE_01,Steel,90253.54,8.19,0.907,3163322.94,2953,258.8015555832036
118,STE_01,Steel,89141.4,7.9,0.887,3175280.18,2942,177.13073157739876
119,STE_01,Steel,89965.5,8.11,0.901,3153506.09,2948,219.5278869538577
120,STE_01,Steel,88959.04,8.47,0.952,3196616.73,2970,231.20445428992352
121,STE_01,Steel,89911.11,8.73,0.971,3207004.17,2931,226.8743001869476
122,STE_01,Steel,89089.32,8.34,0.936,3155094.25,2924,156.89987890850355
123,STE_01,Steel,87996.5,8.31,0.944,3164883.25,2933,215.99786180016616
124,STE_01,Steel,86839.48,7.82,0.901,3197742.1,2973,224.1640486096836
125,STE_01,Steel,86402.18,8.13,0.941,3162079.44,2958,213.40962602034665
126,STE_01,Steel,86975.09,8.07,0.928,3171794.68,2971,194.7396811263107
127,STE_01,Steel,85423.55,7.96,0.932,3189713.35,2949,205.48050669682974
128,STE_01,Steel,84898.57,7.88,0.928,3149077.14,2961,201.339620060875
129,STE_01,Steel,85563.35,7.86,0.919,3184472.22,2942,170.3157315503093
130,STE_01,Steel,84772.83,7.74,0.914,3199950.73,2937,164.80407205022163
131,STE_01,Steel,84634.3,8.1,0.958,3178195.59,2931,225.38459874316698
132,STE_01,Steel,84247.8,8.03,0.953,3171697.24,2968,190.04365520887728
133,STE_01,Steel,84871.21,7.98,0.94,3183572.25,2951,171.2036855496136
134,STE_01,Steel,82074.27,7.98,0.972,3185216.85,2968,204.9405840195123
135,STE_01,Steel,82918.4,7.89,0.951,3210647.31,2927,206.48001542002027
136,STE_01,Steel,82567.98,7.76,0.94,3206520.52,2921,192.2210629327755
137,STE_01,Steel,83968.41,8.08,0.962,3179579.03,2942,255.46979704072322
138,STE_01,Steel,83998.76,7.95,0.946,3206056.82,2952,195.05752253036698
139,STE_01,Steel,81845.0,8.11,0.991,3155210.46,2918,230.51167679193105
140,STE_01,Steel,82763.94,7.82,0.945,3148562.44,2940,186.52081717426594
141,STE_01,Steel,84265.31,7.99,0.948,3199410.21,2969,187.8197415242419
142,STE_01,Steel,83916.46,7.71,0.919,3163850.42,2946,216.61774233730864
143,STE_01,Steel,83911.07,7.53,0.898,3172212.87,2938,252.3457723878854
144,STE_01,Steel,84453.37,7.84,0.929,3208182.27,2943,246.3602160396328
145,STE_01,Steel,84903.33,7.76,0.914,3232550.08,2969,205.40961202100831
146,STE_01,Steel,84484.25,7.69,0.91,3168858.01,2953,141.53268831179594
147,STE_01,Steel,85905.81,7.95,0.926,3181034.19,2947,249.44016163427273
148,STE_01,Steel,85780.04,7.77,0.905,3156089.31,2953,220.47060022293158
149,STE_01,Steel,85603.86,7.72,0.901,3174786.3,2953,253.95592531923248
150,STE_01,Steel,86005.89,8.05,0.936,3191298.07,2937,233.72478337237547
151,STE_01,Steel,88195.69,8.17,0.926,3205835.73,2946,175.68600887671437
152,STE_01,Steel,89279.6,8.31,0.931,3159466.25,2959,212.5813885944992
153,STE_01,Steel,88703.54,8.22,0.927,3212256.65,2932,169.44933910958827
154,STE_01,Steel,87023.29,8.16,0.938,3184257.94,2943,172.33930501910805
155,STE_01,Steel,91512.14,8.91,0.973,3173769.08,2926,199.2549716023893
156,STE_01,Steel,89389.3,8.46,0.946,3194888.83,2932,232.45541294698774
157,STE_01,Steel,89460.49,8.24,0.921,3174307.27,2975,222.92402585293806
158,STE_01,Steel,90595.69,8.28,0.914,3181580.85,2947,130.84255365156326
159,STE_01,Steel,91915.96,8.6,0.935,3213313.98,2939,223.2463012425551
160,STE_01,Steel,92946.0,8.57,0.922,3182465.94,2943,155.5687191007077
161,STE_01,Steel,90753.99,8.61,0.949,3211823.06,2938,224.30342425597357
162,STE_01,Steel,91995.93,8.55,0.93,3175569.26,2928,169.1513469317092
163,STE_01,Steel,90176.81,8.06,0.893,3225557.88,2954,218.67285609859104
164,STE_01,Steel,92872.7,8.35,0.899,3161692.74,2920,198.65876005309403
165,STE_01,Steel,91599.82,8.17,0.892,3179245.96,2969,188.6007579859307
166,STE_01,Steel,91402.67,8.4,0.919,3176758.17,2946,230.35711642095484
167,STE_01,Steel,90361.75,8.51,0.942,3177058.89,2934,177.77830316907676
168,STE_01,Steel,92825.05,8.5,0.916,3197721.43,2938,178.15108113322714
169,STE_01,Steel,89302.33,8.45,0.946,3171934.27,2925,207.34335253476243
170,STE_01,Steel,89053.03,8.55,0.961,3186500.68,2926,149.44809155504544
171,STE_01,Steel,88834.84,8.28,0.932,3182646.12,2976,201.75478664629463
172,STE_01,Steel,88309.86,8.42,0.953,3154903.65,2928,166.3898361532483
173,STE_01,Steel,89468.67,8.21,0.918,3202326.8,2932,210.71982650604582
174,STE_01,Steel,86927.57,8.15,0.937,3179754.88,2946,166.38311827881262
175,STE_01,Steel,87494.71,8.22,0.939,3208686.37,2970,200.90709472268216
176,STE_01,Steel,87117.57,8.11,0.931,3192272.51,2974,209.93396695790312
177,STE_01,Steel,87915.84,7.98,0.908,3195809.01,2937,236.12400143473312
178,STE_01,Steel,87653.62,8.04,0.917,3184046.86,2960,201.82305822891416
179,STE_01,Steel,84630.24,7.63,0.901,3192431.3,2960,222.45676116904946
180,STE_01,Steel,84880.17,7.9,0.931,3190547.76,2903,206.55957979627672
181,STE_01,Steel,83602.32,7.94,0.949,3225090.46,2933,208.70449959292307
182,STE_01,Steel,82700.49,8.03,0.971,3189200.75,2962,170.92881071361685
183,STE_01,Steel,81930.08,7.35,0.898,3156240.11,2949,154.21003001619886
184,STE_01,Steel,84110.06,7.65,0.909,3153311.22,2972,190.1053700085265
185,STE_01,Steel,82306.05,7.68,0.933,3173863.94,2940,239.3886698763924
186,STE_01,Steel,81492.02,7.46,0.915,3187907.89,2930,162.58873700823688
187,STE_01,Steel,81605.25,7.55,0.925,3171420.58,2948,204.14441564266622
188,STE_01,Steel,82683.74,7.51,0.908,3174369.75,2951,240.40021697722625
189,STE_01,Steel,82346.05,7.57,0.919,3154972.01,2956,229.42447739228925
190,STE_01,Steel,82539.74,7.74,0.937,3155127.13,2938,127.87940286224391
191,STE_01,Steel,82544.55,7.78,0.942,3185704.78,2962,224.49310181094214
192,STE_01,Steel,83384.66,7.99,0.959,3158938.98,2921,221.51271188847338
193,STE_01,Steel,83680.19,7.82,0.934,3181598.17,2930,212.23755815730522
194,STE_01,Steel,83094.78,7.54,0.908,3183361.92,2951,145.8537066432017
195,STE_01,Steel,85192.64,7.84,0.921,3136182.84,2942,184.47445918846927
196,STE_01,Steel,83386.12,7.62,0.914,3148220.33,2926,253.21045605616786
197,STE_01,Steel,85632.0,7.83,0.914,3137153.77,2969,216.0322277340888
198,STE_01,Steel,84728.13,8.01,0.945,3135226.82,2954,192.25504230599168
199,STE_01,Steel,85809.03,7.94,0.925,3160618.6,2951,227.51452064677883
0,CEM_01,Cement,53997.65,9.56,1.77,4873274.96,2438,194.48196186077237
1,CEM_01,Cement,55532.48,9.34,1.681,4873423.89,2427,162.28577319019317
2,CEM_01,Cement,54020.1,9.59,1.774,4888695.06,2407,187.1360230389882
3,CEM_01,Cement,53662.41,9.2,1.715,4882256.01,2400,176.63675039201217
4,CEM_01,Cement,55436.32,9.47,1.708,4861419.23,2393,182.9477923940784
5,CEM_01,Cement,54888.15,9.43,1.717,4854207.12,2413,203.96574253803405
6,CEM_01,Cement,54657.71,9.3,1.702,4858919.5,2446,217.42946199682672
7,CEM_01,Cement,53956.56,9.2,1.704,4858329.9,2419,187.5330293489363
8,CEM_01,Cement,55566.91,9.76,1.757,4872097.33,2409,249.83622246024265
9,CEM_01,Cement,55281.05,9.58,1.733,4857576.04,2429,225.7120496259866
10,CEM_01,Cement,54658.81,9.36,1.712,4857064.29,2405,169.760567963569
11,CEM_01,Cement,56294.91,9.79,1.739,4905393.5,2405,235.58201482721415
12,CEM_01,Cement,54697.35,9.47,1.731,4816767.27,2414,227.22346284675348
13,CEM_01,Cement,56848.36,9.71,1.708,4864617.47,2413,224.6549592034817
14,CEM_01,Cement,54389.39,9.36,1.722,4873108.19,2425,219.39423809752842
15,CEM_01,Cement,56488.57,9.68,1.713,4864488.7,2442,189.11971404202143
16,CEM_01,Cement,54718.32,9.59,1.752,4875659.11,2406,194.51166590816507
17,CEM_01,Cement,56065.71,9.61,1.715,4837930.53,2424,224.12293599460503
18,CEM_01,Cement,56090.34,9.55,1.703,4881901.1,2385,171.63772234071772
19,CEM_01,Cement,55943.49,9.84,1.759,4841420.37,2420,181.42324425224854
20,CEM_01,Cement,54577.2,9.39,1.721,4857025.44,2430,200.43704048101068
21,CEM_01,Cement,55069.96,9.42,1.71,4866931.85,2428,247.14198305540364
22,CEM_01,Cement,53268.72,9.09,1.706,4853719.93,2389,220.09749412630225
23,CEM_01,Cement,53657.93,9.4,1.752,4841218.87,2415,234.30031700795448
24,CEM_01,Cement,53318.21,9.18,1.721,4893318.84,2390,177.5896554065934
25,CEM_01,Cement,53599.74,9.35,1.745,4853466.78,2437,201.44951262009153
26,CEM_01,Cement,51644.52,8.72,1.689,4892782.31,2434,155.63995244091834
27,CEM_01,Cement,53571.2,9.3,1.736,4875155.41,2421,234.33585179528598
28,CEM_01,Cement,53142.18,9.34,1.757,4847595.36,2423,182.90244300978762
29,CEM_01,Cement,52010.2,9.02,1.735,4909685.78,2429,222.64343968970348
30,CEM_01,Cement,51538.83,8.86,1.72,4830948.6,2400,140.81065375959236
31,CEM_01,Cement,51925.08,8.98,1.73,4881936.9,2425,228.13658340545226
32,CEM_01,Cement,51430.67,8.93,1.735,4874331.54,2438,193.6900043830868
33,CEM_01,Cement,51802.62,8.88,1.714,4817152.84,2459,218.76445404459915
34,CEM_01,Cement,51361.37,8.77,1.708,4859887.73,2417,188.34060158110918
35,CEM_01,Cement,52328.23,8.79,1.68,4886908.39,2436,215.818275146108
36,CEM_01,Cement,50882.34,8.69,1.708,4842941.42,2394,200.54562319308144
37,CEM_01,Cement,49702.96,8.46,1.701,4881178.06,2406,198.37011455486206
38,CEM_01,Cement,49382.07,8.71,1.764,4855160.71,2402,214.3017647671224
39,CEM_01,Cement,51120.44,8.71,1.704,4864798.51,2400,223.02851587774848
40,CEM_01,Cement,52432.6,9.24,1.763,4872508.09,2437,109.03501081222126
41,CEM_01,Cement,50713.08,8.82,1.739,4870804.29,2437,207.27646604163326
42,CEM_01,Cement,49811.65,8.49,1.705,4878976.88,2381,215.02504822971113
43,CEM_01,Cement,52202.62,9.06,1.736,4854423.8,2383,191.85671962171295
44,CEM_01,Cement,52081.76,9.14,1.756,4846329.72,2407,208.51982360027827
45,CEM_01,Cement,52478.18,9.05,1.724,4875115.2,2447,204.9413701799053
46,CEM_01,Cement,52738.83,9.14,1.733,4863539.05,2411,192.38566081898674
47,CEM_01,Cement,53192.21,9.27,1.743,4824366.13,2415,180.03698139493852
48,CEM_01,Cement,51779.54,9.05,1.747,4896257.16,2437,216.934061826838
49,CEM_01,Cement,53966.25,9.3,1.723,4924034.85,2422,183.67573543208795
50,CEM_01,Cement,53185.01,8.89,1.672,4874424.97,2419,149.91026356822255
51,CEM_01,Cement,53970.11,9.27,1.717,4858225.63,2398,224.84841863609657
52,CEM_01,Cement,55200.86,9.53,1.727,4911423.99,2422,215.99187119146248
53,CEM_01,Cement,54779.59,9.35,1.707,4870868.93,2415,200.53004724646325
54,CEM_01,Cement,54314.83,9.48,1.745,4903119.96,2431,147.20238731534323
55,CEM_01,Cement,56632.77,9.6,1.695,4874638.8,2401,184.32190034149838
56,CEM_01,Cement,55002.57,9.64,1.753,4877836.23,2394,173.96665197129332
57,CEM_01,Cement,56362.63,9.68,1.717,4874934.21,2398,179.92744749190595
58,CEM_01,Cement,54195.27,9.34,1.724,4862698.96,2433,201.1640927585311
59,CEM_01,Cement,55488.76,9.57,1.725,4873749.06,2438,187.10568399819377
60,CEM_01,Cement,55439.47,9.73,1.755,4846335.41,2420,207.8027934406793
61,CEM_01,Cement,56248.92,9.66,1.717,4847117.22,2429,208.37405734176014
62,CEM_01,Cement,55278.47,9.47,1.713,4856314.71,2404,150.37693307830625
63,CEM_01,Cement,53712.4,9.54,1.776,4857943.92,2428,170.48702061223088
64,CEM_01,Cement,54182.16,9.42,1.738,4875112.58,2413,270.6952515221948
65,CEM_01,Cement,54456.68,9.55,1.754,4867154.72,2397,172.0568205900439
66,CEM_01,Cement,54505.16,9.37,1.72,4850481.99,2407,209.20753176017246
67,CEM_01,Cement,53608.63,9.31,1.737,4874837.54,2397,184.4470018671974
68,CEM_01,Cement,54962.09,9.71,1.766,4853120.05,2391,184.51898172741966
69,CEM_01,Cement,55183.46,9.57,1.734,4874748.0,2417,250.82911389905985
70,CEM_01,Cement,55750.06,9.66,1.734,4836489.13,2425,202.84734940049938
71,CEM_01,Cement,56361.5,9.67,1.716,4876560.14,2431,184.5934390361201
72,CEM_01,Cement,54485.38,9.43,1.731,4860027.67,2429,219.99259436512966
73,CEM_01,Cement,52920.45,9.02,1.705,4859417.3,2416,266.38027180628467
74,CEM_01,Cement,55340.9,9.57,1.729,4878427.82,2425,212.4389993095865
75,CEM_01,Cement,52637.2,8.99,1.709,4834955.03,2408,216.13286350715902
76,CEM_01,Cement,53978.5,9.49,1.758,4839175.52,2399,241.39493003078277
77,CEM_01,Cement,52928.38,9.05,1.71,4870861.86,2413,197.1984466299557
78,CEM_01,Cement,52822.64,9.1,1.723,4877610.14,2403,164.5320629149715
79,CEM_01,Cement,51313.07,8.76,1.707,4873346.27,2422,223.5739139844434
80,CEM_01,Cement,51729.54,8.8,1.7,4876195.31,2421,194.91215177979
81,CEM_01,Cement,50308.67,8.82,1.754,4861643.74,2390,144.09832151762564
82,CEM_01,Cement,51692.86,8.81,1.704,4862592.31,2437,195.73680473571233
83,CEM_01,Cement,50976.14,8.6,1.688,4880329.1,2430,221.7571308891091
84,CEM_01,Cement,50022.17,8.67,1.732,4847535.34,2394,176.29985573049882
85,CEM_01,Cement,49885.31,8.7,1.744,4861437.4,2429,259.7172525595675
86,CEM_01,Cement,51734.29,8.98,1.737,4839520.61,2385,142.57151683182235
87,CEM_01,Cement,50145.64,8.58,1.711,4855601.01,2402,252.2959761419184
88,CEM_01,Cement,51671.71,9.03,1.747,4837452.48,2414,140.72625392805617
89,CEM_01,Cement,51504.15,9.02,1.752,4846628.95,2422,231.74849232127661
90,CEM_01,Cement,50679.86,8.68,1.713,4837095.85,2406,201.94817950068895
91,CEM_01,Cement,52019.68,9.07,1.743,4849318.35,2413,237.38516196224518
92,CEM_01,Cement,50885.49,8.75,1.72,4865422.61,2424,170.34242089606008
93,CEM_01,Cement,53007.22,9.16,1.728,4902395.13,2393,180.20092964635938
94,CEM_01,Cement,51855.12,8.87,1.71,4857006.59,2396,197.68089706810494
95,CEM_01,Cement,51744.82,8.97,1.733,4901229.57,2414,273.21646418260474
96,CEM_01,Cement,52254.46,9.06,1.733,4869738.28,2429,175.1200684831394
97,CEM_01,Cement,51915.18,8.86,1.706,4885625.84,2388,220.04301918387637
98,CEM_01,Cement,53496.86,9.0,1.682,4851650.37,2386,203.83970990662974
99,CEM_01,Cement,52726.92,9.07,1.72,4834392.56,2413,149.1892630671714
100,CEM_01,Cement,53960.21,9.29,1.723,4859673.72,2406,208.56599934433845
101,CEM_01,Cement,54719.67,9.44,1.725,4864062.87,2388,172.83895087045454
102,CEM_01,Cement,53093.33,9.16,1.725,4870495.46,2408,190.49924925073594
103,CEM_01,Cement,54647.88,9.42,1.725,4884490.46,2408,185.91040453504178
104,CEM_01,Cement,54582.14,9.35,1.714,4849712.65,2415,188.3286547541302
105,CEM_01,Cement,55516.52,9.43,1.699,4855044.92,2402,184.9980213905577
106,CEM_01,Cement,55585.2,9.46,1.703,4865627.95,2381,197.09970198844678
107,CEM_01,Cement,57129.44,9.97,1.745,4861683.19,2386,170.76783990613816
108,CEM_01,Cement,56946.93,9.89,1.736,4847314.76,2389,210.39288855916422
109,CEM_01,Cement,54988.91,9.22,1.676,4889902.47,2361,196.14068774877808
110,CEM_01,Cement,54792.14,9.65,1.76,4866409.37,2413,233.28356561095248
111,CEM_01,Cement,55993.09,9.65,1.724,4884100.95,2387,218.83292793324227
112,CEM_01,Cement,57593.43,9.96,1.729,4860519.93,2403,213.19510138220718
113,CEM_01,Cement,56546.79,9.86,1.744,4848679.13,2408,159.96821077897118
114,CEM_01,Cement,55704.75,9.66,1.733,4865527.79,2398,221.8482071598664
115,CEM_01,Cement,56866.8,9.96,1.752,4855571.87,2429,176.23126831556863
116,CEM_01,Cement,54857.72,9.32,1.698,4879578.74,2425,209.15720853690567
117,CEM_01,Cement,56465.03,9.89,1.752,4862386.16,2394,174.60275511603328
118,CEM_01,Cement,56546.27,9.78,1.73,4875383.13,2442,142.65041079086836
119,CEM_01,Cement,55362.38,9.47,1.711,4852251.68,2412,220.1609008249934
120,CEM_01,Cement,55457.28,9.34,1.685,4847863.75,2435,150.76378722713972
121,CEM_01,Cement,55467.53,9.58,1.728,4864704.7,2409,193.98540778436893
122,CEM_01,Cement,54640.23,9.37,1.714,4809792.2,2432,130.58554160121582
123,CEM_01,Cement,54816.94,9.42,1.718,4877881.21,2405,203.77219666042825
124,CEM_01,Cement,54309.08,9.39,1.729,4866588.03,2432,174.30636978267634
125,CEM_01,Cement,53817.73,9.25,1.719,4868536.0,2393,257.1904466680155
126,CEM_01,Cement,52430.3,9.3,1.775,4874436.76,2376,241.82017189891994
127,CEM_01,Cement,53706.79,9.24,1.72,4863289.65,2417,264.10938126800204
128,CEM_01,Cement,53438.07,9.14,1.711,4856528.98,2432,169.60500017550018
129,CEM_01,Cement,51508.4,8.75,1.699,4886219.99,2420,194.1325011161943
130,CEM_01,Cement,51767.23,8.89,1.717,4833771.65,2407,175.6982717357638
131,CEM_01,Cement,50077.06,8.62,1.72,4863760.25,2409,172.24450541057345
132,CEM_01,Cement,50270.68,8.6,1.711,4813321.33,2413,194.1744497595128
133,CEM_01,Cement,51105.43,8.85,1.732,4839559.13,2445,225.75606686978156
134,CEM_01,Cement,49897.58,8.65,1.733,4870871.05,2443,185.80780826942197
135,CEM_01,Cement,49299.7,8.35,1.694,4852508.57,2399,180.98412444727097
136,CEM_01,Cement,51372.28,8.91,1.734,4862727.43,2412,156.5486693531554
137,CEM_01,Cement,50162.5,8.59,1.713,4844501.8,2371,216.88488877486463
138,CEM_01,Cement,48461.71,8.26,1.704,4868911.84,2406,176.86334799699617
139,CEM_01,Cement,49453.22,8.39,1.696,4861294.79,2396,208.62635989918923
140,CEM_01,Cement,50186.0,8.6,1.714,4860878.85,2415,206.29344010785445
141,CEM_01,Cement,50456.78,8.54,1.693,4875873.2,2382,199.18010757828003
142,CEM_01,Cement,52218.99,9.04,1.731,4842680.64,2412,152.07090049793567
143,CEM_01,Cement,50068.78,8.75,1.747,4870274.67,2411,171.89034947613118
144,CEM_01,Cement,52165.15,8.9,1.706,4854036.28,2426,209.76314471033953
145,CEM_01,Cement,53737.84,9.21,1.713,4858906.34,2414,174.5633852526395
146,CEM_01,Cement,51856.18,8.94,1.724,4863336.89,2396,165.02085173852504
147,CEM_01,Cement,51092.96,8.87,1.737,4869067.53,2437,231.72659449524326
148,CEM_01,Cement,53244.9,9.39,1.763,4857904.58,2394,268.04598131950684
149,CEM_01,Cement,52592.2,9.04,1.718,4873974.16,2419,148.7849596372468
150,CEM_01,Cement,54206.57,9.53,1.759,4859862.99,2387,198.55401304245086
151,CEM_01,Cement,54591.87,9.34,1.712,4834088.8,2403,176.50149046595908
152,CEM_01,Cement,54208.68,9.51,1.755,4867333.0,2399,226.4710957352279
153,CEM_01,Cement,53785.77,9.18,1.706,4880649.89,2408,190.51934132269298
154,CEM_01,Cement,51371.54,8.97,1.746,4863324.59,2398,268.37968793534947
155,CEM_01,Cement,54348.53,9.42,1.734,4837541.06,2414,265.4335138012935
156,CEM_01,Cement,55119.18,9.47,1.719,4854107.81,2421,261.31418759757275
157,CEM_01,Cement,57105.66,9.85,1.725,4828312.12,2389,169.8925751471927
158,CEM_01,Cement,54713.31,9.41,1.72,4836249.25,2433,230.3338449321767
159,CEM_01,Cement,56358.31,10.03,1.78,4837388.66,2395,198.0753841915394
160,CEM_01,Cement,56065.73,9.5,1.694,4850479.15,2422,263.7818776443265
161,CEM_01,Cement,56909.37,9.49,1.668,4845701.15,2427,226.31652105926986
162,CEM_01,Cement,54569.98,9.36,1.716,4844808.24,2443,202.28401939199398
163,CEM_01,Cement,57230.32,9.92,1.733,4842631.82,2387,195.6906847969392
164,CEM_01,Cement,56611.46,9.65,1.704,4840813.58,2404,201.41628631467884
165,CEM_01,Cement,55590.64,9.47,1.704,4906341.06,2441,225.7850651230573
166,CEM_01,Cement,55033.28,9.5,1.726,4860859.15,2425,198.62481401086825
167,CEM_01,Cement,55228.57,9.39,1.701,4851481.19,2412,201.923991669869
168,CEM_01,Cement,55228.27,9.53,1.726,4871544.6,2408,227.95297688959005
169,CEM_01,Cement,55561.64,9.65,1.736,4886410.13,2426,251.24667517265016
170,CEM_01,Cement,55921.74,9.57,1.711,4885845.77,2431,206.6994592893138
171,CEM_01,Cement,53432.07,9.28,1.737,4843942.45,2442,155.28614318413878
172,CEM_01,Cement,54284.27,9.15,1.685,4829391.08,2388,180.416261582007
173,CEM_01,Cement,54080.39,9.39,1.736,4852265.21,2408,202.85723078018174
174,CEM_01,Cement,53986.04,9.19,1.703,4828621.44,2433,228.04065671171986
175,CEM_01,Cement,54742.48,9.53,1.741,4861671.12,2431,258.3417835768819
176,CEM_01,Cement,53910.54,9.21,1.709,4857235.28,2423,186.95746857247346
177,CEM_01,Cement,52924.48,8.75,1.653,4855714.24,2425,235.66683644036894
178,CEM_01,Cement,51439.51,8.82,1.716,4847816.78,2407,202.44757133625234
179,CEM_01,Cement,53213.32,9.08,1.706,4861082.03,2442,166.92690178929374
180,CEM_01,Cement,53104.36,9.16,1.725,4869640.85,2396,192.22472094333799
181,CEM_01,Cement,50250.19,8.75,1.741,4857527.49,2428,212.27355687903105
182,CEM_01,Cement,50375.87,8.73,1.733,4878328.25,2419,199.08619467947662
183,CEM_01,Cement,50491.72,8.61,1.705,4831824.15,2404,225.44660132577346
184,CEM_01,Cement,50210.58,8.85,1.763,4847765.57,2397,224.794620371694
185,CEM_01,Cement,50778.35,8.75,1.723,4840484.12,2379,253.9517914506278
186,CEM_01,Cement,50744.68,8.64,1.703,4869420.07,2407,207.95571716269313
187,CEM_01,Cement,52863.69,9.05,1.713,4860598.47,2397,204.73553762660015
188,CEM_01,Cement,51852.64,8.87,1.71,4877540.31,2383,214.6495462686464
189,CEM_01,Cement,50476.48,8.71,1.726,4859075.91,2419,186.4515337185715
190,CEM_01,Cement,50671.2,8.66,1.709,4854426.48,2411,196.8473208728433
191,CEM_01,Cement,51059.25,8.81,1.726,4858759.25,2421,225.23705812607523
192,CEM_01,Cement,51763.88,8.79,1.698,4889147.86,2445,184.52558761639708
193,CEM_01,Cement,50730.75,8.79,1.733,4843566.3,2432,157.81123762198223
194,CEM_01,Cement,51265.21,8.64,1.686,4873365.4,2440,158.85076826698176
195,CEM_01,Cement,51386.04,9.02,1.756,4863996.1,2431,173.19832826152833
196,CEM_01,Cement,51967.52,8.8,1.694,4826696.96,2396,259.07407009615156
197,CEM_01,Cement,51257.05,8.73,1.703,4873958.74,2473,188.17236383171488
198,CEM_01,Cement,51592.96,8.98,1.74,4830785.36,2414,150.16690590360787
199,CEM_01,Cement,54175.52,9.47,1.748,4842513.36,2406,215.7753073192812
0,CHE_01,Chemicals,104388.52,17.21,1.648,7722828.44,5563,188.20199522788135
1,CHE_01,Chemicals,108423.96,18.37,1.694,7704989.69,5605,234.55272297287317
2,CHE_01,Chemicals,105823.32,18.0,1.701,7691641.16,5576,194.2135535738563
3,CHE_01,Chemicals,106817.99,17.45,1.634,7743817.34,5615,192.60551675501304
4,CHE_01,Chemicals,107746.79,18.25,1.694,7690172.58,5555,266.90413761273084
5,CHE_01,Chemicals,109576.77,18.66,1.703,7733279.71,5563,173.13004820091294
6,CHE_01,Chemicals,108024.26,17.9,1.657,7729684.39,5570,208.50986327502113
7,CHE_01,Chemicals,108077.63,18.29,1.692,7742691.92,5589,207.64602494513383
8,CHE_01,Chemicals,107729.3,18.09,1.679,7686069.45,5627,201.63014357323001
9,CHE_01,Chemicals,109782.14,18.69,1.703,7729573.12,5598,202.78119713273318
10,CHE_01,Chemicals,110151.71,18.7,1.697,7699205.2,5618,201.53135053802956
11,CHE_01,Chemicals,109406.69,18.61,1.701,7728201.22,5564,261.3678435942262
12,CHE_01,Chemicals,109827.37,18.32,1.668,7721700.85,5598,175.97172812593953
13,CHE_01,Chemicals,109082.17,18.61,1.706,7708237.06,5582,213.5800506937063
14,CHE_01,Chemicals,112482.76,19.74,1.755,7742929.8,5603,215.77486788261365
15,CHE_01,Chemicals,107595.73,18.01,1.674,7745434.87,5552,222.28479919451848
16,CHE_01,Chemicals,109590.5,18.85,1.72,7696059.33,5602,199.221317146476
17,CHE_01,Chemicals,109763.64,18.39,1.675,7725274.4,5600,191.7087167070186
18,CHE_01,Chemicals,108173.33,18.0,1.664,7739698.28,5596,226.81787975474313
19,CHE_01,Chemicals,108397.05,18.34,1.692,7723095.77,5598,154.11275917355766
20,CHE_01,Chemicals,106781.51,17.94,1.68,7708703.4,5598,164.82097195799668
21,CHE_01,Chemicals,108671.43,18.04,1.66,7702654.16,5578,212.4071685238189
22,CHE_01,Chemicals,106209.0,17.91,1.686,7750582.85,5586,178.78952158435047
23,CHE_01,Chemicals,105744.44,17.9,1.693,7720701.56,5585,253.4981977728428
24,CHE_01,Chemicals,103629.76,17.68,1.706,7743230.1,5583,202.9517488891509
25,CHE_01,Chemicals,105763.82,17.97,1.699,7729939.46,5604,205.62925804544
26,CHE_01,Chemicals,105108.94,18.2,1.732,7734235.1,5618,205.60332015560599
27,CHE_01,Chemicals,103689.2,17.86,1.722,7726418.86,5587,228.01522977058374
28,CHE_01,Chemicals,103767.14,17.39,1.676,7720578.2,5573,201.84245877385925
29,CHE_01,Chemicals,102079.16,17.41,1.706,7712252.96,5567,219.8376397105705
30,CHE_01,Chemicals,101790.02,17.03,1.673,7736370.87,5584,203.30221472496885
31,CHE_01,Chemicals,101867.21,16.97,1.666,7725314.76,5611,183.17475121745002
32,CHE_01,Chemicals,98710.11,16.63,1.685,7725292.16,5656,136.6289862577836
33,CHE_01,Chemicals,98135.38,16.67,1.699,7720907.22,5592,231.69434704430972
34,CHE_01,Chemicals,99118.06,16.77,1.692,7720458.35,5611,220.65608034215546
35,CHE_01,Chemicals,99139.07,16.86,1.701,7708640.7,5560,231.6246862460848
36,CHE_01,Chemicals,98477.54,16.42,1.667,7710110.19,5578,160.26755673209777
37,CHE_01,Chemicals,98634.13,16.27,1.65,7702048.78,5593,238.108369661657
38,CHE_01,Chemicals,99711.37,16.55,1.66,7736260.02,5572,219.91780576924282
39,CHE_01,Chemicals,99517.29,16.58,1.667,7734126.23,5591,180.89561892025495
40,CHE_01,Chemicals,99668.21,16.97,1.703,7716339.63,5590,212.70505726968125
41,CHE_01,Chemicals,99589.91,16.66,1.673,7696447.8,5569,224.31973230814256
42,CHE_01,Chemicals,100107.9,17.03,1.701,7705111.38,5580,182.6202706404072
43,CHE_01,Chemicals,101663.63,17.1,1.682,7724985.75,5563,213.95195115745307
44,CHE_01,Chemicals,102026.15,17.19,1.685,7722550.73,5575,198.51890104435228
45,CHE_01,Chemicals,101440.01,16.91,1.667,7753111.34,5581,247.501439381374
46,CHE_01,Chemicals,100102.15,17.07,1.705,7666363.97,5581,182.5025314407309
47,CHE_01,Chemicals,102388.4,17.06,1.666,7730431.31,5556,247.76108830696205
48,CHE_01,Chemicals,103893.27,17.86,1.719,7755864.55,5605,214.4610215444637
49,CHE_01,Chemicals,103470.66,17.76,1.717,7704800.43,5571,202.46057709285677
50,CHE_01,Chemicals,104207.67,17.27,1.657,7719229.68,5574,183.10572123199046
51,CHE_01,Chemicals,105579.05,17.42,1.65,7701953.16,5598,189.31594723911863
52,CHE_01,Chemicals,104714.2,17.48,1.67,7705257.22,5600,165.9071272087753
53,CHE_01,Chemicals,107748.97,17.81,1.653,7751548.27,5586,209.56304125599308
54,CHE_01,Chemicals,107959.02,17.68,1.638,7747917.59,5589,165.51461041827062
55,CHE_01,Chemicals,108350.16,17.98,1.659,7732117.52,5596,264.0068330594846
56,CHE_01,Chemicals,108129.2,18.12,1.676,7709482.55,5574,215.32002777830596
57,CHE_01,Chemicals,108351.82,18.17,1.677,7704058.89,5616,165.20454878599742
58,CHE_01,Chemicals,109146.7,18.49,1.694,7729625.28,5591,170.60213539194166
59,CHE_01,Chemicals,110735.51,18.54,1.674,7740247.13,5582,178.57446762781402
60,CHE_01,Chemicals,109761.26,17.98,1.638,7737424.04,5577,217.81004948744922
61,CHE_01,Chemicals,109757.54,18.42,1.678,7699544.94,5562,215.34172483866354
62,CHE_01,Chemicals,110581.61,18.96,1.715,7713125.94,5586,231.64911213191755
63,CHE_01,Chemicals,110049.73,18.58,1.689,7712907.33,5602,201.6614471955858
64,CHE_01,Chemicals,109565.4,18.51,1.689,7718180.65,5593,195.5075935779955
65,CHE_01,Chemicals,110477.29,18.43,1.668,7698297.56,5601,213.41610758295462
66,CHE_01,Chemicals,109852.95,18.97,1.727,7703488.26,5573,208.41871604842547
67,CHE_01,Chemicals,109630.92,18.24,1.664,7711314.86,5581,178.23158363781738
68,CHE_01,Chemicals,108455.79,18.12,1.671,7714991.56,5600,152.83341944481919
69,CHE_01,Chemicals,107584.25,18.17,1.689,7713093.96,5547,183.5039369923684
70,CHE_01,Chemicals,109359.62,18.45,1.687,7689473.19,5598,203.9579347011393
71,CHE_01,Chemicals,108102.64,18.32,1.695,7704149.17,5590,195.7513925009743
72,CHE_01,Chemicals,106454.56,17.93,1.685,7728871.24,5585,157.43418461520855
73,CHE_01,Chemicals,106594.27,18.02,1.691,7707565.14,5570,191.61026170129534
74,CHE_01,Chemicals,105880.02,18.06,1.706,7715196.02,5585,213.97248019999722
75,CHE_01,Chemicals,105942.84,17.8,1.68,7710012.58,5576,198.579457559417
76,CHE_01,Chemicals,104975.92,17.38,1.656,7744092.82,5592,193.66311185668278
77,CHE_01,Chemicals,105168.8,17.86,1.698,7691286.69,5562,207.02010610718662
78,CHE_01,Chemicals,102916.71,17.3,1.681,7700633.8,5601,210.46224192267042
79,CHE_01,Chemicals,101641.51,16.82,1.655,7727741.69,5604,200.36154371310468
80,CHE_01,Chemicals,101889.89,16.98,1.667,7712356.33,5601,198.21465689221188
81,CHE_01,Chemicals,99448.69,16.93,1.703,7715486.04,5578,189.65687955457642
82,CHE_01,Chemicals,101994.24,16.58,1.626,7711937.77,5603,226.20559340712413
83,CHE_01,Chemicals,100452.55,17.01,1.693,7746311.31,5586,191.61482078652875
84,CHE_01,Chemicals,101360.75,16.77,1.654,7741720.66,5608,186.96596870733677
85,CHE_01,Chemicals,99153.68,16.7,1.684,7725043.32,5598,175.50936432101116
86,CHE_01,Chemicals,97824.55,16.45,1.681,7742802.41,5572,216.18121084056816
87,CHE_01,Chemicals,99215.05,16.81,1.694,7706562.1,5574,144.83858528095516
88,CHE_01,Chemicals,98716.87,16.41,1.662,7721153.99,5599,191.85270347340426
89,CHE_01,Chemicals,99514.38,16.72,1.68,7700697.12,5608,160.6145802477872
90,CHE_01,Chemicals,98617.87,16.69,1.692,7746617.31,5590,195.6170263371066
91,CHE_01,Chemicals,99570.91,16.94,1.701,7705229.55,5624,194.72069060427285
92,CHE_01,Chemicals,101070.13,17.14,1.695,7734190.76,5575,262.10822978804674
93,CHE_01,Chemicals,100394.19,17.08,1.701,7720918.21,5605,165.3102875714177
94,CHE_01,Chemicals,101246.51,17.54,1.733,7699160.39,5614,190.19277239909954
95,CHE_01,Chemicals,103678.81,17.22,1.661,7703122.21,5609,204.87362566428484
96,CHE_01,Chemicals,102469.1,17.23,1.681,7666832.54,5571,182.30528619106107
97,CHE_01,Chemicals,101574.86,17.2,1.694,7737424.22,5586,155.34735815017459
98,CHE_01,Chemicals,103711.44,17.57,1.694,7729437.63,5570,105.37413216401427
99,CHE_01,Chemicals,105160.96,17.66,1.679,7715221.08,5598,207.3141227578472
100,CHE_01,Chemicals,105034.89,17.63,1.679,7711263.82,5587,229.2035250163131
101,CHE_01,Chemicals,104768.45,17.32,1.653,7734110.27,5619,224.168210415737
102,CHE_01,Chemicals,107434.39,17.69,1.646,7733303.92,5598,223.8310073434264
103,CHE_01,Chemicals,106413.14,17.79,1.671,7737879.92,5561,246.63188141051916
104,CHE_01,Chemicals,107695.86,18.12,1.682,7723494.76,5621,215.32552699224365
105,CHE_01,Chemicals,105822.72,18.33,1.732,7707938.62,5586,228.99572152848904
106,CHE_01,Chemicals,108728.21,18.64,1.715,7718998.55,5599,197.333321376344
107,CHE_01,Chemicals,108066.22,17.9,1.656,7726812.81,5598,174.7823455492293
108,CHE_01,Chemicals,109129.48,18.51,1.696,7695980.33,5606,180.77284153580553
109,CHE_01,Chemicals,111479.33,18.99,1.704,7707695.99,5589,188.10690291675942
110,CHE_01,Chemicals,109280.89,18.5,1.693,7712079.49,5583,179.2497829009356
111,CHE_01,Chemicals,111476.74,19.14,1.717,7732814.29,5565,184.86680817375117
112,CHE_01,Chemicals,108881.99,18.58,1.706,7743856.62,5608,219.7210079864412
113,CHE_01,Chemicals,110484.67,18.35,1.661,7741580.66,5590,158.29153552784476
114,CHE_01,Chemicals,110234.48,18.56,1.684,7684346.02,5598,171.4600818202918
115,CHE_01,Chemicals,109412.86,18.6,1.7,7686018.5,5582,216.6528747304501
116,CHE_01,Chemicals,110649.68,18.42,1.664,7705733.93,5576,222.80268067501777
117,CHE_01,Chemicals,109774.82,19.1,1.74,7699465.95,5574,227.48447483075694
118,CHE_01,Chemicals,108699.4,18.23,1.677,7711976.85,5611,207.25766261441098
119,CHE_01,Chemicals,107577.51,18.06,1.679,7763213.59,5618,226.0376460377453
120,CHE_01,Chemicals,108543.09,18.17,1.674,7720695.93,5576,158.4563154318043
121,CHE_01,Chemicals,107380.63,18.16,1.691,7693182.23,5588,172.0260613537082
122,CHE_01,Chemicals,106745.98,18.15,1.7,7695949.81,5578,190.1964029868407
123,CHE_01,Chemicals,106218.16,17.96,1.691,7694632.36,5595,221.0839571384414
124,CHE_01,Chemicals,103539.57,17.99,1.738,7753673.58,5572,173.87548922600942
125,CHE_01,Chemicals,105142.12,18.06,1.718,7686222.37,5604,241.15881930785025
126,CHE_01,Chemicals,105816.99,18.16,1.716,7716301.64,5599,205.3891990330641
127,CHE_01,Chemicals,103089.34,17.5,1.698,7708001.14,5611,196.7576740456585
128,CHE_01,Chemicals,103500.15,17.3,1.671,7732278.83,5573,160.3254287853779
129,CHE_01,Chemicals,101214.16,17.42,1.722,7754379.68,5601,171.48379280243762
130,CHE_01,Chemicals,99069.42,16.67,1.683,7704877.09,5597,100.37400578748633
131,CHE_01,Chemicals,103010.33,17.49,1.698,7743371.41,5563,183.90130563570398
132,CHE_01,Chemicals,100904.01,17.01,1.686,7708856.46,5602,176.76311974649607
133,CHE_01,Chemicals,100442.3,17.11,1.703,7704122.06,5588,177.0624314401675
134,CHE_01,Chemicals,98596.84,17.04,1.729,7742326.31,5575,139.75520826433387
135,CHE_01,Chemicals,100939.52,17.45,1.729,7749910.38,5602,191.70340076834083
136,CHE_01,Chemicals,99248.8,17.01,1.713,7725237.04,5634,187.28109314558014
137,CHE_01,Chemicals,100449.74,17.33,1.726,7703271.64,5603,193.99918157783708
138,CHE_01,Chemicals,97350.78,16.59,1.704,7717342.86,5599,224.80809952946137
139,CHE_01,Chemicals,98363.49,16.63,1.691,7713325.14,5576,210.68566811610876
140,CHE_01,Chemicals,100836.14,16.61,1.647,7695437.88,5581,199.8981601303283
141,CHE_01,Chemicals,100989.02,17.21,1.704,7757414.57,5615,184.78065739696564
142,CHE_01,Chemicals,100720.06,16.92,1.68,7707242.12,5592,178.03322099076837
143,CHE_01,Chemicals,102303.36,17.16,1.678,7732347.04,5571,206.6703409328233
144,CHE_01,Chemicals,100805.42,17.12,1.698,7726645.75,5604,177.13963907206056
145,CHE_01,Chemicals,100186.59,16.88,1.685,7723324.7,5609,226.5377251330556
146,CHE_01,Chemicals,102235.66,16.98,1.661,7733951.35,5571,218.90067940422057
147,CHE_01,Chemicals,101535.01,17.26,1.7,7712778.24,5582,254.10386881903293
148,CHE_01,Chemicals,101714.65,17.0,1.672,7700390.18,5610,181.1056604972705
149,CHE_01,Chemicals,104627.08,17.77,1.698,7721693.25,5572,227.1011303492759
150,CHE_01,Chemicals,105296.01,18.02,1.712,7741910.28,5614,184.72801464849374
151,CHE_01,Chemicals,105026.05,17.95,1.709,7709160.1,5611,180.12436983399837
152,CHE_01,Chemicals,106180.89,18.46,1.738,7705932.88,5610,159.94698339751397
153,CHE_01,Chemicals,105986.86,17.81,1.681,7692534.5,5621,204.15058969714548
154,CHE_01,Chemicals,108308.65,18.38,1.697,7735135.26,5583,188.62239116312634
155,CHE_01,Chemicals,106738.22,18.01,1.688,7709400.52,5625,178.54915441791738
156,CHE_01,Chemicals,108620.92,18.72,1.723,7704808.0,5577,201.96397898002496
157,CHE_01,Chemicals,109372.37,18.52,1.693,7702726.63,5604,205.7071582854806
158,CHE_01,Chemicals,108629.88,18.23,1.678,7681975.21,5585,202.9599247162417
159,CHE_01,Chemicals,109836.41,18.52,1.686,7719427.6,5591,201.3434376379525
160,CHE_01,Chemicals,110033.62,18.34,1.667,7695615.59,5617,220.48287884338814
161,CHE_01,Chemicals,109224.69,18.42,1.686,7747932.98,5575,214.11972073525135
162,CHE_01,Chemicals,109265.04,18.39,1.683,7721315.66,5569,187.93585620433154
163,CHE_01,Chemicals,110912.92,18.68,1.684,7730737.21,5625,173.50572502633855
164,CHE_01,Chemicals,110809.44,18.8,1.696,7723560.13,5558,210.19028061849545
165,CHE_01,Chemicals,107841.41,18.26,1.693,7669908.73,5581,131.83144590175334
166,CHE_01,Chemicals,110233.28,18.74,1.7,7708242.71,5630,167.33037995093528
167,CHE_01,Chemicals,109079.81,18.99,1.741,7717131.35,5646,184.99341789206466
168,CHE_01,Chemicals,109886.44,18.68,1.7,7701493.94,5571,187.08173746813623
169,CHE_01,Chemicals,109828.88,18.12,1.65,7751014.47,5587,250.56778186052958
170,CHE_01,Chemicals,107341.65,18.19,1.695,7721297.44,5584,201.75844031249437
171,CHE_01,Chemicals,108764.88,18.07,1.661,7713834.01,5603,199.8173245630088
172,CHE_01,Chemicals,106821.23,18.56,1.737,7700774.18,5560,213.91270449232323
173,CHE_01,Chemicals,107360.88,18.04,1.681,7674583.89,5589,200.84996908061055
174,CHE_01,Chemicals,104036.17,17.59,1.69,7705636.49,5619,265.0101628088798
175,CHE_01,Chemicals,104923.3,17.58,1.676,7693382.52,5640,193.19538571383242
176,CHE_01,Chemicals,103852.32,17.66,1.7,7747286.79,5570,172.42784120740123
177,CHE_01,Chemicals,103640.52,17.55,1.693,7718339.82,5581,180.22484005320433
178,CHE_01,Chemicals,103295.57,17.5,1.694,7738042.89,5569,232.49234081831725
179,CHE_01,Chemicals,101578.72,17.49,1.722,7745816.86,5602,195.6416256301767
180,CHE_01,Chemicals,100724.27,16.96,1.684,7711783.04,5590,227.02316661330926
181,CHE_01,Chemicals,99707.48,16.92,1.697,7723171.61,5570,208.32344444251802
182,CHE_01,Chemicals,100926.3,16.75,1.659,7678541.94,5602,241.86989856237685
183,CHE_01,Chemicals,99619.28,16.69,1.675,7735867.51,5597,260.90174096743414
184,CHE_01,Chemicals,100546.96,17.28,1.718,7704878.83,5595,221.5438379129906
185,CHE_01,Chemicals,99412.8,16.75,1.685,7701184.7,5631,203.31555270572017
186,CHE_01,Chemicals,100660.4,16.84,1.673,7696265.28,5580,188.09116498436933
187,CHE_01,Chemicals,99493.61,16.87,1.696,7716512.9,5579,194.11350549728095
188,CHE_01,Chemicals,101014.75,17.09,1.692,7719737.0,5621,188.81240632977597
189,CHE_01,Chemicals,100831.27,16.81,1.667,7726220.26,5600,197.15011493278803
190,CHE_01,Chemicals,98887.62,16.56,1.675,7667801.39,5590,171.55836976025878
191,CHE_01,Chemicals,102339.62,17.65,1.725,7708957.95,5595,204.65690219502306
192,CHE_01,Chemicals,99459.43,16.52,1.661,7730986.68,5560,212.8553163123011
193,CHE_01,Chemicals,99917.22,16.8,1.682,7701967.97,5615,179.60643026574263
194,CHE_01,Chemicals,101526.87,17.16,1.69,7703068.86,5601,267.5881771386214
195,CHE_01,Chemicals,102640.55,17.2,1.675,7694965.44,5615,163.00446288694118
196,CHE_01,Chemicals,103608.36,17.36,1.676,7716436.09,5571,233.43609582005206
197,CHE_01,Chemicals,102787.48,17.75,1.727,7702875.36,5600,221.34533040992673
198,CHE_01,Chemicals,105829.77,17.87,1.688,7754800.88,5600,247.5051660956725
199,CHE_01,Chemicals,104312.74,17.43,1.671,7743938.56,5562,229.83491714445046
0,ALU_01,Aluminum,87438.98,7.0,0.8,5047507.52,5318,190.53004409917148
1,ALU_01,Aluminum,89697.05,7.09,0.79,5054660.0,5316,176.8020149782423
2,ALU_01,Aluminum,89817.39,6.89,0.767,5045777.97,5281,210.53260469629217
3,ALU_01,Aluminum,89886.96,7.05,0.785,5099480.44,5281,173.54664581866737
4,ALU_01,Aluminum,90830.26,7.22,0.795,5069766.24,5321,186.1588062038914
5,ALU_01,Aluminum,91008.23,7.24,0.795,5065676.82,5298,245.0033271629868
6,ALU_01,Aluminum,91192.95,7.27,0.797,5048128.27,5312,190.9291461754462
7,ALU_01,Aluminum,92075.67,7.26,0.788,5029321.18,5305,133.33098957252082
8,ALU_01,Aluminum,90225.04,7.44,0.825,5054213.52,5281,200.08008031628341
9,ALU_01,Aluminum,90614.7,7.48,0.825,5059129.35,5286,174.60257247077368
10,ALU_01,Aluminum,91822.84,7.56,0.823,5068800.4,5285,190.05874935694928
11,ALU_01,Aluminum,92721.9,7.66,0.826,5064888.92,5331,202.6766955416555
12,ALU_01,Aluminum,93023.07,7.65,0.822,5045848.44,5271,191.90724977392546
13,ALU_01,Aluminum,92865.92,7.43,0.8,5034149.44,5283,240.7913484079899
14,ALU_01,Aluminum,92819.61,7.65,0.824,5073247.31,5259,229.74607185897162
15,ALU_01,Aluminum,91079.51,7.33,0.805,5074739.58,5272,200.63093567921337
16,ALU_01,Aluminum,90809.99,7.23,0.796,5064123.6,5299,211.9133756067072
17,ALU_01,Aluminum,88929.81,7.57,0.852,5024769.24,5288,164.87726336713203
18,ALU_01,Aluminum,91683.47,7.74,0.844,5050669.81,5292,232.79965998075798
19,ALU_01,Aluminum,89625.38,7.29,0.814,5069385.58,5298,154.34533435167452
20,ALU_01,Aluminum,92200.25,7.61,0.825,5063849.65,5284,189.9436764479983
21,ALU_01,Aluminum,89072.27,6.9,0.775,5056669.16,5339,157.22195845540762
22,ALU_01,Aluminum,88735.81,7.1,0.8,5062669.9,5331,210.7279847774298
23,ALU_01,Aluminum,88867.01,7.03,0.791,5070888.41,5331,177.41617584957984
24,ALU_01,Aluminum,87484.73,7.37,0.842,5052779.36,5315,229.46292088906148
25,ALU_01,Aluminum,88485.86,7.32,0.827,5061343.99,5298,167.38860429859994
26,ALU_01,Aluminum,86647.68,7.22,0.834,5049118.96,5330,249.43928956885765
27,ALU_01,Aluminum,86189.04,7.14,0.829,5030982.83,5270,192.13462664328472
28,ALU_01,Aluminum,87364.06,7.21,0.825,5099170.89,5337,208.6155217167991
29,ALU_01,Aluminum,86606.2,7.01,0.809,5080103.3,5309,133.88938725965312
30,ALU_01,Aluminum,84186.59,6.91,0.821,5067421.94,5333,247.13745281283687
31,ALU_01,Aluminum,84819.94,6.52,0.769,5075598.08,5267,291.62266833664887
32,ALU_01,Aluminum,83108.39,6.64,0.799,5087092.4,5272,196.238701955433
33,ALU_01,Aluminum,81951.16,6.3,0.768,5073542.15,5338,166.51307478371902
34,ALU_01,Aluminum,83516.92,6.52,0.781,5086244.94,5300,225.7533294249074
35,ALU_01,Aluminum,82752.49,6.85,0.828,5070274.01,5279,221.7744003685804
36,ALU_01,Aluminum,84591.41,6.89,0.814,5098196.58,5291,146.97702323894322
37,ALU_01,Aluminum,84557.16,6.6,0.781,5043677.86,5307,213.47313036881593
38,ALU_01,Aluminum,83552.57,6.41,0.768,5034901.62,5322,263.30777767132975
39,ALU_01,Aluminum,81893.76,6.52,0.797,5027770.96,5288,254.57387695960063
40,ALU_01,Aluminum,83536.53,6.54,0.783,5090309.79,5323,154.916017194355
41,ALU_01,Aluminum,83285.68,6.78,0.814,5056143.3,5310,168.3677037616713
42,ALU_01,Aluminum,84738.55,6.86,0.81,5088792.58,5285,220.96566166959016
43,ALU_01,Aluminum,84601.63,6.85,0.809,5069572.34,5288,187.63349828465402
44,ALU_01,Aluminum,85925.7,6.88,0.801,5055392.22,5284,162.05783806699196
45,ALU_01,Aluminum,83568.29,6.7,0.802,5073056.84,5292,156.91050596053194
46,ALU_01,Aluminum,82986.71,6.73,0.811,5061845.14,5329,168.7687431684626
47,ALU_01,Aluminum,86471.28,6.79,0.785,5076692.58,5302,196.03045485045197
48,ALU_01,Aluminum,84999.12,6.89,0.81,5059323.55,5319,198.81465598209078
49,ALU_01,Aluminum,86748.2,6.96,0.802,5067458.51,5330,176.15116332731955
50,ALU_01,Aluminum,89250.79,7.22,0.809,5069765.2,5290,156.60007273127667
51,ALU_01,Aluminum,87050.79,6.81,0.782,5021796.73,5279,179.15387061936983
52,ALU_01,Aluminum,89143.81,7.02,0.787,5069515.0,5292,171.7551573028367
53,ALU_01,Aluminum,89938.26,7.16,0.796,5071418.54,5308,200.78103192117294
54,ALU_01,Aluminum,88695.42,6.79,0.765,5079246.25,5307,214.72037159529114
55,ALU_01,Aluminum,90790.41,7.31,0.805,5060019.7,5285,267.7139634260215
56,ALU_01,Aluminum,91716.58,7.46,0.813,5064917.47,5298,203.26347985818518
57,ALU_01,Aluminum,90638.29,7.27,0.802,5082723.31,5321,192.09610989016556
58,ALU_01,Aluminum,90268.69,7.23,0.801,5049348.59,5313,203.16057936418508
59,ALU_01,Aluminum,91530.25,7.41,0.809,5064144.73,5257,188.7094915822824
60,ALU_01,Aluminum,93714.89,7.83,0.836,5066260.6,5268,211.44299477137162
61,ALU_01,Aluminum,90410.93,7.35,0.813,5037880.26,5314,223.27049849554732
62,ALU_01,Aluminum,91899.34,7.29,0.794,5048757.8,5295,220.5290510859453
63,ALU_01,Aluminum,91775.82,7.51,0.818,5107737.5,5312,149.19218799306148
64,ALU_01,Aluminum,92052.35,7.75,0.842,4994428.35,5273,192.74783044538174
65,ALU_01,Aluminum,91376.97,7.24,0.792,5068709.88,5289,166.77836912976713
66,ALU_01,Aluminum,91987.94,7.57,0.823,5080152.02,5294,210.53533123241164
67,ALU_01,Aluminum,91636.05,7.19,0.785,5066863.28,5287,204.74867076057765
68,ALU_01,Aluminum,90098.97,7.42,0.823,5072164.95,5294,236.88262424233943
69,ALU_01,Aluminum,88353.35,6.89,0.78,5047890.32,5301,158.6592329152336
70,ALU_01,Aluminum,91302.45,7.51,0.822,5072471.13,5296,165.737849338683
71,ALU_01,Aluminum,88338.42,7.02,0.795,5069973.55,5253,173.9611908590168
72,ALU_01,Aluminum,91265.99,7.47,0.818,5054667.33,5268,223.04061310319938
73,ALU_01,Aluminum,86497.53,7.04,0.814,5056197.44,5311,220.97089211037604
74,ALU_01,Aluminum,87180.45,7.27,0.834,5050242.15,5287,202.153761183387
75,ALU_01,Aluminum,87912.79,7.28,0.828,5067420.18,5284,206.95622663982294
76,ALU_01,Aluminum,85952.26,7.29,0.848,5018565.04,5288,216.24691481627582
77,ALU_01,Aluminum,88301.69,6.91,0.783,5072475.36,5298,218.1950778477421
78,ALU_01,Aluminum,86593.23,6.91,0.798,5032312.83,5315,216.9077790975386
79,ALU_01,Aluminum,86496.13,7.14,0.825,5074030.01,5257,142.8646912435568
80,ALU_01,Aluminum,85511.66,7.18,0.839,5070908.63,5319,143.27310493465694
81,ALU_01,Aluminum,83088.78,6.72,0.809,5062076.89,5280,151.6817704933811
82,ALU_01,Aluminum,84011.84,6.89,0.82,5044770.58,5299,265.5724864122353
83,ALU_01,Aluminum,83632.6,6.8,0.813,5089372.81,5291,169.7639754977496
84,ALU_01,Aluminum,83577.71,6.84,0.819,5073960.38,5301,238.25286911412155
85,ALU_01,Aluminum,83123.28,6.81,0.819,5053109.66,5287,214.96951413919118
86,ALU_01,Aluminum,85710.83,6.72,0.784,5060983.0,5268,188.73790225310142
87,ALU_01,Aluminum,83030.93,6.6,0.794,5064367.51,5322,186.7810136567894
88,ALU_01,Aluminum,82230.95,6.58,0.8,5062349.45,5278,188.74756863801124
89,ALU_01,Aluminum,84021.19,6.84,0.814,5093371.4,5307,235.51825632257948
90,ALU_01,Aluminum,82244.29,6.54,0.795,5024460.4,5271,181.49967169623443
91,ALU_01,Aluminum,83697.92,6.58,0.786,5055766.31,5274,195.9085432070664
92,ALU_01,Aluminum,82628.49,6.86,0.83,5055326.24,5290,219.75803675250188
93,ALU_01,Aluminum,84024.63,6.69,0.796,5060236.83,5304,198.82626435600378
94,ALU_01,Aluminum,83928.59,6.93,0.826,5071190.78,5326,231.12534846149376
95,ALU_01,Aluminum,85365.48,6.86,0.804,5056772.53,5340,210.86943641290839
96,ALU_01,Aluminum,85769.2,6.89,0.804,5058010.33,5333,200.5160130403919
97,ALU_01,Aluminum,86530.37,7.09,0.819,5056747.47,5280,200.79669424746717
98,ALU_01,Aluminum,87609.59,7.0,0.798,5049226.16,5256,226.60109237714258
99,ALU_01,Aluminum,88212.9,7.09,0.804,5028856.81,5302,142.2275716931107
100,ALU_01,Aluminum,86601.82,6.83,0.788,5046449.05,5319,229.7145812132233
101,ALU_01,Aluminum,89868.15,7.32,0.814,5058875.15,5282,217.55948111016488
102,ALU_01,Aluminum,89220.1,7.44,0.834,5070508.32,5272,222.4527087450344
103,ALU_01,Aluminum,88641.69,7.53,0.85,5038982.79,5298,257.71109157553803
104,ALU_01,Aluminum,91418.42,7.43,0.812,5071196.22,5313,213.99226176358917
105,ALU_01,Aluminum,89664.14,6.99,0.779,5075745.5,5312,193.8775086049303
106,ALU_01,Aluminum,90638.75,7.24,0.799,5040170.83,5280,236.29802462965856
107,ALU_01,Aluminum,90254.34,7.45,0.825,5047090.2,5291,221.03493703999357
108,ALU_01,Aluminum,90331.71,7.63,0.845,5051845.31,5302,186.71512156120144
109,ALU_01,Aluminum,90496.59,6.9,0.762,5066527.71,5310,192.10613806655272
110,ALU_01,Aluminum,90853.89,7.37,0.811,5064901.95,5301,182.86937445364796
111,ALU_01,Aluminum,92409.79,7.29,0.789,5042671.38,5312,215.65754315618906
112,ALU_01,Aluminum,91937.67,7.59,0.826,5034982.44,5315,190.12270484904255
113,ALU_01,Aluminum,91186.04,7.24,0.794,5068386.86,5286,188.3503047675326
114,ALU_01,Aluminum,91867.62,7.44,0.81,5047696.02,5302,189.52204426313082
115,ALU_01,Aluminum,90198.05,7.63,0.846,5055469.49,5299,254.13329619665964
116,ALU_01,Aluminum,91854.91,7.11,0.774,5067546.96,5322,175.4522548020305
117,ALU_01,Aluminum,93358.57,7.39,0.791,5052253.25,5298,213.5846196631176
118,ALU_01,Aluminum,91423.25,7.33,0.802,5060826.84,5309,218.21844819352214
119,ALU_01,Aluminum,88378.12,6.94,0.785,5001070.35,5343,201.77029206964988
120,ALU_01,Aluminum,90590.69,7.5,0.828,5079548.52,5325,183.79380712575835
121,ALU_01,Aluminum,90835.59,7.35,0.809,5048670.41,5302,201.8014192863104
122,ALU_01,Aluminum,89290.75,7.29,0.816,5053646.99,5286,163.35304055503758
123,ALU_01,Aluminum,88244.94,7.0,0.793,5025278.8,5308,243.9079960073179
124,ALU_01,Aluminum,88898.58,7.04,0.791,5051135.66,5351,229.0531604095154
125,ALU_01,Aluminum,87338.95,7.21,0.825,5035855.82,5271,168.6001570399228
126,ALU_01,Aluminum,89106.68,7.2,0.808,5086372.55,5325,217.91981763641522
127,ALU_01,Aluminum,86514.41,7.16,0.828,5062257.41,5269,231.75577234487696
128,ALU_01,Aluminum,86221.72,7.17,0.832,5046579.93,5276,189.98260457183233
129,ALU_01,Aluminum,84927.45,7.14,0.84,5022846.99,5314,203.17849166686455
130,ALU_01,Aluminum,84892.18,6.75,0.795,5061151.03,5318,196.90530314102293
131,ALU_01,Aluminum,85447.9,6.65,0.778,5038117.75,5308,189.6563004241916
132,ALU_01,Aluminum,81981.75,6.88,0.839,5028821.58,5318,180.03051172880052
133,ALU_01,Aluminum,83259.12,6.64,0.798,5040669.18,5306,190.2277166233339
134,ALU_01,Aluminum,83947.32,6.84,0.814,5079222.36,5334,176.58922953568035
135,ALU_01,Aluminum,81383.53,6.76,0.83,5055766.31,5298,211.4134151630359
136,ALU_01,Aluminum,83192.89,6.7,0.806,5031135.06,5289,173.79061721015165
137,ALU_01,Aluminum,81262.02,6.68,0.822,5064251.73,5294,240.79423245594307
138,ALU_01,Aluminum,83301.86,6.66,0.8,5033749.21,5296,219.7472169969559
139,ALU_01,Aluminum,84552.58,6.93,0.819,5064970.79,5323,168.9373530946496
140,ALU_01,Aluminum,83134.5,6.58,0.792,5013281.32,5281,173.26551403137182
141,ALU_01,Aluminum,83741.14,6.72,0.803,5081329.2,5292,243.770039152511
142,ALU_01,Aluminum,84023.17,7.03,0.837,5061231.32,5326,165.5878672246875
143,ALU_01,Aluminum,82489.88,6.5,0.788,5031637.02,5314,190.23158097534977
144,ALU_01,Aluminum,85936.94,7.31,0.851,5048590.4,5293,189.43804655705105
145,ALU_01,Aluminum,86079.2,7.24,0.841,5049762.65,5320,149.3579022160896
146,ALU_01,Aluminum,83510.95,6.9,0.826,5048365.92,5311,217.7901891821024
147,ALU_01,Aluminum,85900.27,7.17,0.835,5043857.49,5282,217.8142405153533
148,ALU_01,Aluminum,85382.08,6.98,0.818,5065726.17,5305,215.20407635442425
149,ALU_01,Aluminum,87792.43,7.13,0.813,5031617.45,5292,235.45841549054904
150,ALU_01,Aluminum,87861.69,7.04,0.801,5054865.67,5320,213.54546156376807
151,ALU_01,Aluminum,87728.81,7.23,0.825,5012681.42,5286,172.13860304496708
152,ALU_01,Aluminum,88762.42,7.15,0.806,5068314.7,5301,208.09334478796885
153,ALU_01,Aluminum,89711.96,7.01,0.781,5070980.24,5300,194.9036662216185
154,ALU_01,Aluminum,91598.81,7.49,0.818,5054050.96,5297,218.79709957024164
155,ALU_01,Aluminum,91639.56,7.72,0.842,5062763.93,5293,161.2939949530077
156,ALU_01,Aluminum,92654.87,7.83,0.845,5041555.26,5293,240.75473152102384
157,ALU_01,Aluminum,91772.85,7.47,0.814,5084869.57,5285,173.90472458752276
158,ALU_01,Aluminum,91650.31,7.65,0.834,5038209.89,5272,212.73726932799522
159,ALU_01,Aluminum,91488.41,7.34,0.803,5057548.77,5297,218.6215129850786
160,ALU_01,Aluminum,92457.03,7.6,0.822,5065386.65,5296,205.21299869080403
161,ALU_01,Aluminum,90870.8,7.3,0.803,5028137.99,5290,183.75727759279923
162,ALU_01,Aluminum,91267.5,7.58,0.831,5045670.2,5279,208.72645734933383
163,ALU_01,Aluminum,92912.11,7.44,0.801,5005483.8,5305,161.88367640346686
164,ALU_01,Aluminum,91898.41,7.63,0.83,5027425.22,5286,204.3635328639157
165,ALU_01,Aluminum,92413.18,7.75,0.839,5101164.0,5274,246.97855145994524
166,ALU_01,Aluminum,93472.18,7.54,0.807,5039174.27,5295,270.0029784057917
167,ALU_01,Aluminum,91379.79,7.14,0.781,5050252.89,5269,228.21244683572317
168,ALU_01,Aluminum,90081.94,7.3,0.81,5041098.96,5316,187.22374087745106
169,ALU_01,Aluminum,90814.07,7.38,0.813,5079250.78,5322,248.21406806962244
170,ALU_01,Aluminum,91516.62,7.62,0.833,5062237.51,5293,174.06909032686903
171,ALU_01,Aluminum,89165.23,7.18,0.806,5079334.32,5293,205.69992522858692
172,ALU_01,Aluminum,89919.39,7.26,0.807,5060589.55,5296,157.84196514693915
173,ALU_01,Aluminum,88483.03,7.34,0.829,5035116.39,5306,170.84390749572694
174,ALU_01,Aluminum,87717.22,7.49,0.854,4998619.53,5312,170.70786023395763
175,ALU_01,Aluminum,88530.09,7.18,0.811,5072030.2,5283,230.0937987456684
176,ALU_01,Aluminum,86733.09,7.13,0.822,5061072.58,5298,134.74808138597658
177,ALU_01,Aluminum,86833.48,7.18,0.827,5031028.22,5283,254.13397191703132
178,ALU_01,Aluminum,86424.22,6.77,0.783,5066918.45,5308,224.09636986883552
179,ALU_01,Aluminum,85047.29,6.94,0.816,5085914.25,5289,175.74868660006814
180,ALU_01,Aluminum,85281.59,7.03,0.824,5056129.53,5326,214.3059597952676
181,ALU_01,Aluminum,85989.54,6.91,0.803,5047369.79,5288,133.56947429426316
182,ALU_01,Aluminum,84365.75,6.76,0.801,5051220.38,5277,216.93335461185845
183,ALU_01,Aluminum,82905.04,6.77,0.817,5065179.43,5285,210.21968325393675
184,ALU_01,Aluminum,85311.31,6.87,0.805,5078960.56,5295,281.4400869583974
185,ALU_01,Aluminum,83342.02,6.7,0.803,5092661.96,5246,243.8863772351853
186,ALU_01,Aluminum,83690.6,6.77,0.809,5050350.93,5289,189.8726961852511
187,ALU_01,Aluminum,82993.92,6.6,0.795,5057434.57,5334,204.88758343086053
188,ALU_01,Aluminum,82872.5,6.77,0.817,5088254.03,5294,241.4266586900513
189,ALU_01,Aluminum,82955.33,6.98,0.841,5058288.79,5304,162.23027975666005
190,ALU_01,Aluminum,82819.26,6.83,0.825,5103575.15,5324,216.41383411128567
191,ALU_01,Aluminum,83919.46,6.87,0.818,5089712.86,5306,163.88264910719357
192,ALU_01,Aluminum,83891.82,6.94,0.827,5069423.64,5320,254.38722245172485
193,ALU_01,Aluminum,85641.15,6.98,0.815,5057600.44,5308,232.52510262085752
194,ALU_01,Aluminum,83386.62,6.51,0.781,5067967.48,5300,264.8578868813004
195,ALU_01,Aluminum,84891.96,6.59,0.777,5059765.71,5272,183.7306853423328
196,ALU_01,Aluminum,85458.12,6.81,0.797,5043730.86,5315,131.0957017383478
197,ALU_01,Aluminum,86413.05,6.99,0.809,5022336.28,5283,195.97489453634938
198,ALU_01,Aluminum,86870.45,6.85,0.789,5064495.15,5295,176.13411842658235
199,ALU_01,Aluminum,87010.85,6.82,0.784,5054565.2,5317,234.39273631115628
