step,buyer,seller,qty,price
170,POW_01,CHE_01,71.34,4812.37
175,POW_02,POW_01,86.96,4761.64
78,CHE_01,CHE_01,45.17,4862.06
168,ALU_01,POW_02,43.35,4780.63
54,ALU_01,POW_02,85.73,4754.23
82,CHE_01,STE_01,66.76,4790.84
127,STE_01,STE_01,4.94,4723.44
114,CHE_01,POW_02,46.4,4767.11
46,POW_01,ALU_01,33.97,4934.89
3,STE_01,ALU_01,38.1,4754.36
34,POW_01,CEM_01,51.89,4748.0
20,POW_01,CEM_01,40.23,4801.15
109,ALU_01,ALU_01,41.63,4819.16
16,POW_01,POW_01,89.88,4824.73
106,CEM_01,ALU_01,17.86,4814.69
22,POW_01,POW_02,52.69,4702.94
68,STE_01,STE_01,61.04,4772.96
17,ALU_01,POW_01,21.32,4671.0
113,POW_02,POW_01,27.34,4841.43
155,POW_02,POW_02,27.39,4824.42
159,CEM_01,CHE_01,66.04,4848.63
79,POW_02,ALU_01,28.35,4710.02
50,STE_01,CEM_01,59.18,4681.43
168,POW_02,ALU_01,26.14,4804.24
19,ALU_01,STE_01,24.94,4741.62
137,POW_02,POW_01,58.1,4730.52
187,STE_01,CEM_01,65.48,4751.25
34,STE_01,POW_01,23.11,4709.61
30,CHE_01,CHE_01,29.43,4691.9
157,STE_01,CHE_01,54.13,4820.35
171,CHE_01,ALU_01,30.26,4817.12
92,POW_02,CEM_01,26.52,4844.0
99,POW_01,CEM_01,28.06,4817.42
35,CEM_01,POW_01,54.95,4804.55
133,POW_01,CEM_01,2.01,4825.04
92,POW_02,POW_01,83.34,4781.22
45,ALU_01,POW_01,80.25,4805.84
177,POW_02,STE_01,73.55,4789.03
22,POW_01,CHE_01,44.9,4666.04
66,ALU_01,POW_01,35.81,4820.98
80,POW_01,CEM_01,59.4,4899.76
192,ALU_01,CHE_01,27.35,4888.72
174,CEM_01,STE_01,91.04,4785.98
115,CEM_01,ALU_01,37.02,4819.78
181,POW_02,CEM_01,72.24,4811.74
181,CHE_01,POW_02,64.79,4901.13
85,CHE_01,CEM_01,40.29,4897.19
166,ALU_01,STE_01,44.41,4754.69
44,CEM_01,CEM_01,32.72,4754.03
100,STE_01,CHE_01,50.93,4772.42
86,POW_02,CEM_01,60.65,4764.63
21,STE_01,STE_01,49.24,4889.89
184,POW_01,POW_02,42.22,4687.09
82,POW_02,ALU_01,49.53,4733.97
43,CEM_01,POW_02,73.34,4716.52
39,ALU_01,POW_02,66.63,4760.06
105,POW_02,CHE_01,58.81,4836.08
114,ALU_01,CEM_01,36.75,4735.98
181,STE_01,CEM_01,39.8,4846.5
77,CHE_01,CEM_01,58.66,4896.77
133,CEM_01,POW_01,41.36,4809.59
97,POW_02,STE_01,35.52,4870.58
17,POW_02,CHE_01,75.82,4786.44
14,CHE_01,ALU_01,51.13,4820.7
74,STE_01,CEM_01,53.55,4783.65
114,ALU_01,ALU_01,37.48,4865.16
39,CEM_01,POW_02,54.51,4819.56
75,CEM_01,STE_01,64.89,4838.79
35,POW_01,CHE_01,54.31,4852.57
136,ALU_01,ALU_01,19.99,4860.8
109,POW_02,CEM_01,39.4,4743.85
75,STE_01,STE_01,59.45,4816.05
61,CHE_01,POW_02,53.4,4757.79
19,POW_02,POW_02,68.49,4777.05
150,POW_01,POW_02,42.91,4799.73
16,POW_02,CEM_01,47.71,4835.13
33,STE_01,ALU_01,66.59,4798.82
152,ALU_01,ALU_01,47.76,4786.64
117,POW_01,ALU_01,65.56,4876.81
143,POW_01,CEM_01,14.32,4827.3
135,CHE_01,ALU_01,29.88,4675.75
58,CEM_01,ALU_01,66.74,4823.51
35,POW_02,POW_02,64.45,4773.68
117,ALU_01,ALU_01,63.6,4839.01
164,STE_01,CEM_01,66.58,4845.35
158,ALU_01,STE_01,66.77,4898.84
93,CEM_01,STE_01,26.7,4779.68
182,CHE_01,CHE_01,79.85,4851.49
147,POW_02,ALU_01,65.53,4790.48
13,POW_01,STE_01,25.38,4760.86
99,STE_01,STE_01,22.64,4709.17
51,CHE_01,CEM_01,56.38,4816.71
3,CHE_01,STE_01,35.1,4885.73
75,CHE_01,STE_01,58.45,4788.02
168,STE_01,STE_01,42.61,4862.98
120,CEM_01,STE_01,18.92,4805.47
20,CHE_01,CEM_01,31.76,4848.7
125,CEM_01,ALU_01,40.83,4791.26
173,CEM_01,POW_01,48.05,4832.93
11,CHE_01,POW_01,63.77,4741.78
74,POW_02,CHE_01,35.35,4843.73
68,STE_01,STE_01,57.44,4910.9
35,STE_01,CHE_01,43.84,4864.5
102,ALU_01,ALU_01,45.76,4769.41
38,CEM_01,POW_01,2.95,4690.91
4,STE_01,POW_01,38.34,4812.49
142,CEM_01,ALU_01,19.87,4734.5
17,STE_01,CHE_01,61.48,4793.68
52,POW_02,POW_01,69.49,4859.41
79,STE_01,POW_02,56.73,4668.27
62,CEM_01,POW_02,88.82,4785.45
157,STE_01,POW_02,53.37,4791.34
144,CEM_01,CEM_01,64.68,4844.03
64,POW_01,ALU_01,41.5,4825.04
18,POW_02,STE_01,55.32,4900.57
126,POW_01,POW_01,28.15,4826.88
16,ALU_01,CEM_01,42.28,4842.37
193,ALU_01,POW_02,68.54,4682.99
92,CHE_01,POW_01,48.03,4800.83
186,CEM_01,CEM_01,41.69,4782.39
180,POW_01,ALU_01,45.9,4798.22
110,ALU_01,POW_01,58.02,4862.3
6,ALU_01,STE_01,75.1,4729.23
59,STE_01,ALU_01,18.63,4649.95
98,CHE_01,POW_02,47.81,4908.7
5,CHE_01,STE_01,45.53,4791.3
105,CHE_01,POW_01,43.45,4778.3
196,ALU_01,ALU_01,47.68,4885.2
196,CHE_01,STE_01,58.32,4848.97
89,CHE_01,ALU_01,71.19,4813.14
182,POW_02,CHE_01,14.26,4820.0
192,POW_01,STE_01,24.75,4845.11
94,POW_01,ALU_01,50.33,4748.08
68,CEM_01,CHE_01,19.51,4808.91
33,POW_02,POW_02,57.02,4923.81
78,POW_02,CEM_01,31.24,4836.07
141,CEM_01,CEM_01,45.3,4820.94
162,CHE_01,POW_01,25.02,4921.06
183,CEM_01,CEM_01,29.93,4817.46
194,ALU_01,CHE_01,101.66,4900.05
34,ALU_01,STE_01,41.28,4823.19
96,ALU_01,ALU_01,76.28,4791.41
167,POW_01,POW_01,46.96,4827.5
1,ALU_01,CEM_01,60.33,4821.67
199,ALU_01,ALU_01,31.93,4722.55
6,ALU_01,STE_01,57.54,4925.62
16,ALU_01,CHE_01,37.4,4834.92
4,CHE_01,ALU_01,8.54,4933.24
195,POW_01,CHE_01,4.4,4760.72
108,CHE_01,POW_02,45.2,4782.06
102,ALU_01,POW_02,60.73,4730.3
12,STE_01,STE_01,32.13,4794.18
176,CHE_01,ALU_01,26.48,4841.91
137,POW_01,POW_02,36.24,4927.26
150,STE_01,POW_02,80.06,4777.48
188,STE_01,STE_01,11.05,4784.89
46,ALU_01,POW_02,60.34,4862.16
128,POW_01,CEM_01,70.18,4834.46
196,POW_02,POW_01,20.58,4765.24
97,STE_01,POW_01,28.91,4776.97
181,ALU_01,STE_01,39.45,4764.68
68,CHE_01,ALU_01,34.06,4875.39
67,POW_01,CEM_01,66.23,4770.04
88,POW_02,CHE_01,48.94,4784.07
25,STE_01,CHE_01,36.83,4873.02
186,POW_01,CEM_01,54.53,4769.38
5,CEM_01,STE_01,71.45,4865.24
123,ALU_01,ALU_01,40.02,4719.57
183,CHE_01,POW_02,31.06,4765.57
184,STE_01,CEM_01,65.8,4885.25
129,POW_01,STE_01,81.78,4839.22
142,ALU_01,CEM_01,78.45,4749.48
53,POW_01,ALU_01,63.71,4734.0
125,POW_01,CEM_01,44.55,4706.24
6,STE_01,CHE_01,64.23,4823.17
64,POW_02,CEM_01,59.45,4787.95
163,ALU_01,POW_01,60.66,4820.8
9,STE_01,CHE_01,47.89,4798.04
19,CEM_01,POW_01,69.16,4967.57
5,CHE_01,CHE_01,66.15,4876.79
61,POW_01,CEM_01,23.89,4712.13
141,ALU_01,POW_02,62.98,4817.99
179,ALU_01,CHE_01,29.2,4729.58
104,CEM_01,STE_01,51.35,4815.81
158,POW_01,STE_01,46.24,4785.51
9,POW_02,STE_01,58.66,4816.58
39,CHE_01,STE_01,39.27,4782.25
73,POW_01,STE_01,42.0,4678.29
139,ALU_01,POW_02,39.04,4838.3
75,CHE_01,STE_01,39.51,4693.22
92,POW_01,CHE_01,21.01,4747.23
25,STE_01,ALU_01,59.59,4758.01
174,CHE_01,CEM_01,37.83,4812.04
142,STE_01,CHE_01,56.24,4729.61
141,CEM_01,CEM_01,49.17,4792.27
51,ALU_01,POW_01,57.68,4806.37
48,POW_01,CEM_01,60.9,4916.7
188,STE_01,POW_01,23.72,4762.71
29,CHE_01,CHE_01,47.14,4817.54
7,POW_01,CEM_01,53.24,4841.39
107,STE_01,CHE_01,35.7,4791.73
162,CHE_01,CEM_01,36.5,4813.9
123,ALU_01,POW_02,56.86,4860.22
30,ALU_01,CEM_01,74.8,4763.38
100,CEM_01,CHE_01,60.39,4631.12
61,CHE_01,POW_02,63.42,4785.39
135,CEM_01,POW_02,55.91,4820.24
136,CEM_01,POW_01,87.36,4833.0
24,POW_02,POW_02,50.59,4832.17
37,POW_01,CHE_01,67.69,4872.55
171,ALU_01,ALU_01,116.46,4806.88
79,STE_01,CHE_01,57.15,4767.32
22,STE_01,ALU_01,49.44,4735.48
197,CHE_01,CEM_01,18.98,4724.59
140,ALU_01,POW_01,17.78,4859.37
4,POW_02,CEM_01,91.94,4766.07
59,STE_01,ALU_01,50.96,4753.74
179,ALU_01,POW_02,31.83,4891.03
143,CHE_01,ALU_01,40.05,4723.41
73,STE_01,STE_01,27.68,4853.12
62,CEM_01,ALU_01,49.53,4741.59
178,STE_01,CHE_01,36.9,4770.13
158,POW_02,POW_02,61.19,4770.31
195,CEM_01,CEM_01,79.36,4823.94
90,POW_01,POW_02,59.43,4779.67
73,CEM_01,CHE_01,50.74,4856.58
138,POW_01,STE_01,50.44,4764.16
121,POW_02,STE_01,77.12,4912.68
87,POW_01,ALU_01,23.65,4777.83
6,STE_01,POW_02,30.93,4692.06
108,STE_01,POW_02,38.9,4742.63
57,POW_01,POW_01,26.17,4743.55
52,POW_01,CEM_01,59.9,4817.62
113,POW_01,ALU_01,42.33,4718.05
44,POW_02,POW_01,30.92,4870.15
39,STE_01,CHE_01,60.74,4745.71
19,POW_02,POW_01,48.18,4769.76
150,ALU_01,POW_02,57.97,4864.57
0,POW_02,ALU_01,49.77,4672.38
116,POW_01,CEM_01,39.47,4927.38
65,STE_01,ALU_01,28.85,4747.5
39,POW_02,POW_01,59.01,4684.04
113,POW_01,CEM_01,31.59,4891.02
159,STE_01,CEM_01,70.27,4787.25
120,STE_01,STE_01,54.94,4692.36
196,ALU_01,ALU_01,49.24,4837.93
96,POW_02,POW_02,33.89,4897.98
112,CEM_01,CHE_01,82.48,4898.19
187,CEM_01,CEM_01,44.74,4836.63
94,STE_01,POW_02,60.78,4740.24
6,POW_02,POW_01,37.26,4767.85
181,STE_01,STE_01,72.98,4850.57
190,POW_02,CHE_01,58.52,4827.45
64,ALU_01,ALU_01,70.6,4782.73
75,STE_01,STE_01,66.51,4888.98
131,POW_01,POW_02,47.68,4722.89
34,POW_01,POW_02,32.89,4899.84
132,CHE_01,POW_02,51.51,4733.68
102,ALU_01,CEM_01,37.61,4769.87
182,ALU_01,CEM_01,43.0,4795.01
199,CHE_01,STE_01,84.01,4849.09
104,POW_01,POW_02,69.0,4874.28
146,POW_02,POW_02,57.05,4705.32
63,ALU_01,CEM_01,63.92,4743.94
36,ALU_01,STE_01,68.61,4757.65
165,ALU_01,POW_01,55.46,4791.97
159,POW_02,STE_01,49.99,4751.18
173,POW_01,POW_01,53.68,4733.27
199,CHE_01,CEM_01,60.89,4893.06
101,CEM_01,CHE_01,91.9,4844.41
119,ALU_01,ALU_01,28.86,4802.45
18,ALU_01,CHE_01,52.65,4857.41
190,STE_01,POW_02,41.04,4786.94
118,CHE_01,POW_02,98.38,4706.14
33,STE_01,ALU_01,41.39,4686.24
93,CHE_01,POW_02,76.52,4838.41
103,STE_01,STE_01,63.87,4796.67
17,CHE_01,CEM_01,61.49,4795.38
35,ALU_01,CEM_01,72.88,4739.11
36,ALU_01,CHE_01,60.16,4809.78
16,CEM_01,ALU_01,46.08,4815.62
39,POW_01,ALU_01,89.16,4885.75
87,STE_01,STE_01,29.18,4880.03
10,POW_02,CEM_01,15.51,4762.76
26,STE_01,POW_02,36.79,4914.4
127,STE_01,CEM_01,65.82,4858.61
196,POW_01,POW_01,38.89,4895.78
44,CHE_01,CEM_01,53.99,4791.77
77,POW_02,CHE_01,70.47,4865.04
67,POW_01,POW_01,65.7,4704.81
111,POW_01,ALU_01,60.31,4875.55
151,ALU_01,POW_02,74.07,4756.86
117,POW_01,CEM_01,53.28,4828.22
34,CHE_01,ALU_01,73.62,4761.01
85,STE_01,POW_02,56.55,4802.84
76,CEM_01,CHE_01,82.37,4806.81
88,POW_02,STE_01,74.17,4722.29
193,CHE_01,STE_01,54.37,4811.17
4,CEM_01,CEM_01,75.75,4862.35
164,ALU_01,POW_01,71.12,4808.57
107,ALU_01,CHE_01,69.73,4873.45
185,CHE_01,POW_02,60.14,4944.73
90,STE_01,POW_02,30.73,4810.76
75,CHE_01,POW_02,43.52,4887.96
88,CHE_01,CEM_01,71.43,4814.58
7,STE_01,CEM_01,78.75,4732.82
72,POW_02,STE_01,23.32,4852.09
139,STE_01,CHE_01,35.56,4728.46
126,ALU_01,ALU_01,13.15,4805.82
73,CEM_01,CEM_01,27.12,4943.8
72,ALU_01,POW_01,65.28,4759.87
82,ALU_01,POW_02,41.17,4733.52
129,CHE_01,POW_01,63.04,4780.02
73,CEM_01,ALU_01,81.38,4829.96
151,POW_02,POW_02,19.13,4855.5
171,POW_01,CHE_01,55.78,4766.83
150,ALU_01,POW_01,59.71,4763.94
173,CHE_01,CHE_01,62.23,4840.05
134,CHE_01,POW_02,73.98,4798.16
193,CHE_01,STE_01,76.49,4866.0
191,POW_01,CEM_01,65.1,4752.45
17,POW_01,POW_01,35.28,4889.91
121,ALU_01,ALU_01,76.71,4819.81
40,CEM_01,STE_01,96.09,4799.58
140,POW_01,POW_01,32.51,4703.17
183,CEM_01,CHE_01,52.01,4782.85
76,CHE_01,STE_01,61.23,4796.2
95,CHE_01,ALU_01,47.08,4872.86
119,CEM_01,CHE_01,58.97,4813.23
15,CHE_01,STE_01,60.13,4740.45
185,POW_01,CEM_01,76.37,4717.13
98,ALU_01,STE_01,47.69,4857.43
179,CEM_01,ALU_01,51.41,4730.51
79,ALU_01,CEM_01,92.39,4910.15
153,STE_01,STE_01,75.79,4818.43
21,POW_01,STE_01,45.33,4770.63
45,POW_01,STE_01,30.42,4751.29
83,CEM_01,ALU_01,53.2,4888.29
112,POW_02,POW_01,64.75,4793.12
51,CHE_01,CHE_01,49.45,4812.91
75,STE_01,POW_02,26.81,4677.89
97,CEM_01,POW_01,29.23,4811.23
2,ALU_01,ALU_01,40.16,4738.99
10,POW_02,POW_01,53.54,4661.28
105,POW_01,CHE_01,58.62,4787.21
126,POW_01,STE_01,75.36,4793.72
136,ALU_01,CEM_01,38.71,4724.98
191,POW_01,CHE_01,36.15,4975.99
20,ALU_01,POW_01,18.13,4729.37
69,CEM_01,POW_01,32.12,4746.16
23,CHE_01,POW_02,47.31,4818.46
15,POW_01,ALU_01,46.15,4820.99
148,CHE_01,POW_02,48.04,4818.48
143,ALU_01,STE_01,55.84,4784.77
147,POW_01,ALU_01,44.29,4896.41
118,POW_01,ALU_01,23.27,4750.97
41,CEM_01,ALU_01,55.54,4686.52
61,STE_01,CEM_01,58.65,4736.35
28,POW_02,POW_01,35.9,4791.69
52,STE_01,STE_01,116.66,4805.97
23,POW_01,POW_02,1.76,4924.78
100,ALU_01,STE_01,21.2,4795.69
25,CHE_01,POW_01,39.93,4772.53
129,STE_01,POW_02,39.87,4767.3
16,CEM_01,STE_01,32.9,4749.88
138,POW_02,STE_01,56.03,4845.84
7,CHE_01,POW_01,73.64,4726.84
73,CEM_01,CEM_01,62.12,4886.54
82,ALU_01,STE_01,55.64,4742.29
45,CHE_01,POW_01,82.63,4759.63
159,POW_02,CHE_01,21.2,4803.96
167,POW_01,CEM_01,47.48,4699.19
199,POW_02,POW_01,52.74,4809.05
31,CHE_01,POW_02,44.73,4799.73
40,CEM_01,POW_01,48.5,4884.3
129,STE_01,ALU_01,46.83,4846.15
191,POW_01,CEM_01,38.22,4650.37
138,POW_02,CEM_01,27.48,4823.72
25,POW_02,POW_01,29.48,4738.54
24,POW_02,CEM_01,44.61,4740.19
83,POW_02,ALU_01,59.03,4748.46
140,CEM_01,CHE_01,61.06,4925.34
73,ALU_01,CEM_01,65.52,4773.85
75,CHE_01,ALU_01,2.4,4801.26
81,ALU_01,STE_01,32.36,4856.73
184,POW_01,CEM_01,27.14,4914.17
85,POW_02,POW_02,50.25,4776.7
66,POW_01,CHE_01,50.59,4809.58
183,STE_01,ALU_01,42.13,4816.86
84,CEM_01,ALU_01,70.05,4805.91
142,POW_02,CHE_01,40.85,4787.52
134,STE_01,CEM_01,52.7,4730.13
185,CEM_01,POW_01,60.94,4768.41
129,STE_01,CHE_01,59.6,4750.73
33,CHE_01,STE_01,43.82,4738.54
199,POW_02,ALU_01,77.58,4766.63
182,POW_01,ALU_01,64.45,4796.17
155,CHE_01,STE_01,69.41,4758.43
94,POW_02,ALU_01,54.94,4775.45
112,ALU_01,POW_02,54.22,4855.89
191,CHE_01,POW_02,34.75,4845.89
62,CHE_01,CEM_01,11.81,4739.86
79,CEM_01,POW_01,27.6,4687.96
91,POW_02,POW_01,19.06,4956.96
186,CEM_01,POW_02,49.37,4787.94
53,CEM_01,POW_01,21.17,4909.2
109,POW_01,POW_01,39.77,4796.86
6,POW_02,CEM_01,31.38,4909.85
81,ALU_01,POW_01,50.07,4827.16
62,CEM_01,ALU_01,46.3,4795.67
178,ALU_01,CEM_01,77.55,4765.42
143,STE_01,POW_02,68.11,4789.99
21,POW_02,CHE_01,81.06,4743.91
159,STE_01,CEM_01,52.12,4818.57
160,POW_01,POW_02,14.58,4797.43
71,CEM_01,POW_02,69.81,4833.0
185,STE_01,POW_01,89.0,4833.95
143,CEM_01,ALU_01,42.22,4732.83
52,POW_02,ALU_01,78.62,4819.3
80,ALU_01,CEM_01,46.88,4802.56
110,CEM_01,CEM_01,52.59,4866.25
180,POW_02,ALU_01,47.89,4901.76
159,POW_02,ALU_01,38.18,4775.55
166,CEM_01,CEM_01,41.05,4669.71
94,POW_02,CEM_01,15.5,4797.3
109,CEM_01,CHE_01,53.46,4796.49
149,POW_01,POW_01,52.92,4738.51
92,CHE_01,CEM_01,64.39,4825.1
168,CHE_01,CEM_01,49.21,4785.2
65,CHE_01,CEM_01,58.57,4840.33
161,CEM_01,POW_01,94.89,4722.12
125,POW_02,POW_02,70.15,4816.36
5,CHE_01,POW_02,47.48,4787.04
48,STE_01,POW_02,55.31,4786.11
138,POW_01,CEM_01,50.63,4859.23
141,CHE_01,ALU_01,75.94,4761.93
198,POW_01,CHE_01,40.17,4774.58
36,STE_01,POW_02,71.42,4846.16
150,CEM_01,POW_02,58.48,4705.49
102,ALU_01,POW_02,2.39,4841.62
172,POW_01,CHE_01,59.52,4754.75
186,ALU_01,POW_01,38.92,4657.5
176,POW_01,POW_02,31.96,4885.98
126,ALU_01,ALU_01,49.99,4899.8
126,POW_01,CEM_01,56.35,4804.42
128,CHE_01,POW_02,99.03,4735.85
62,ALU_01,CHE_01,51.6,4688.77
198,CEM_01,POW_01,32.87,4817.24
115,CEM_01,ALU_01,47.85,4891.69
10,ALU_01,POW_02,59.52,4704.75
54,STE_01,POW_02,31.59,4794.47
31,STE_01,ALU_01,45.49,4893.95
66,STE_01,CEM_01,17.96,4846.53
40,ALU_01,STE_01,25.51,4785.91
11,CHE_01,POW_01,41.62,4924.06
7,ALU_01,CHE_01,64.83,4717.65
177,CEM_01,CEM_01,32.11,4829.33
177,STE_01,POW_02,33.13,4861.98
129,ALU_01,POW_02,48.29,4713.17
132,STE_01,STE_01,29.99,4766.43
137,CEM_01,STE_01,39.11,4771.17
87,POW_01,POW_01,31.86,4968.54
105,STE_01,POW_02,84.38,4793.14
99,ALU_01,ALU_01,40.71,4790.43
48,POW_01,POW_01,77.71,4762.77
44,ALU_01,CEM_01,52.64,4956.82
149,STE_01,CHE_01,85.32,4921.91
102,ALU_01,POW_01,30.53,4743.56
164,POW_02,POW_02,53.56,4751.15
75,POW_01,POW_01,2.25,4834.82
65,POW_01,STE_01,75.94,4810.81
168,POW_02,CHE_01,62.41,4821.44
106,POW_01,POW_02,42.9,4753.2
101,ALU_01,POW_01,90.48,4686.09
102,STE_01,CHE_01,107.34,4807.98
122,POW_01,POW_01,80.38,4739.62
79,POW_02,POW_02,81.95,4960.24
133,ALU_01,ALU_01,51.28,4810.87
102,ALU_01,POW_02,33.94,4816.31
199,STE_01,POW_01,20.15,4825.78
161,POW_02,ALU_01,71.17,4761.13
101,ALU_01,POW_01,12.69,4812.53
144,CEM_01,POW_01,46.31,4731.43
45,CEM_01,CEM_01,84.38,4800.38
18,POW_01,POW_01,57.38,4829.6
55,CEM_01,ALU_01,25.09,4802.11
158,POW_01,CEM_01,33.07,4627.08
27,CHE_01,ALU_01,75.75,4835.64
48,CEM_01,CHE_01,29.13,4751.75
156,POW_01,ALU_01,41.09,4859.86
112,POW_02,CEM_01,22.14,4805.45
20,ALU_01,STE_01,48.96,4798.99
82,CHE_01,ALU_01,37.76,4829.82
17,CEM_01,POW_01,70.67,4760.01
156,POW_01,ALU_01,30.4,4803.36
29,POW_02,POW_01,41.51,4778.06
5,STE_01,CEM_01,2.71,4834.74
164,STE_01,POW_01,76.31,4856.45
5,STE_01,CEM_01,74.32,4749.67
165,POW_01,ALU_01,44.53,4773.41
189,POW_02,CHE_01,53.15,4750.86
3,POW_02,POW_01,59.14,4912.41
60,ALU_01,CHE_01,71.46,4752.54
155,STE_01,STE_01,17.07,4795.96
164,CEM_01,POW_01,32.03,4786.27
166,CEM_01,STE_01,95.53,4743.61
39,POW_02,ALU_01,73.45,4834.55
59,CHE_01,POW_01,61.9,4783.5
11,ALU_01,CHE_01,50.78,4865.28
72,STE_01,POW_02,67.0,4743.94
196,POW_01,POW_02,68.08,4821.84
181,CEM_01,ALU_01,67.82,4937.54
139,CHE_01,POW_01,29.0,4856.01
58,POW_01,STE_01,50.68,4800.22
74,CHE_01,STE_01,58.25,4857.19
154,POW_01,CHE_01,56.42,4726.65
101,CHE_01,CHE_01,29.48,4831.34
115,POW_01,STE_01,45.83,4824.05
188,STE_01,POW_01,30.82,4833.28
152,CEM_01,POW_01,41.89,4834.37
191,ALU_01,STE_01,54.85,4845.71
135,CHE_01,POW_01,61.83,4764.07
1,CHE_01,CEM_01,62.23,4769.17
150,ALU_01,POW_01,70.64,4737.79
197,CEM_01,CEM_01,53.47,4831.5
117,POW_02,CEM_01,25.23,4690.47
180,POW_02,STE_01,51.65,4793.98
179,POW_01,ALU_01,41.34,4749.92
108,POW_02,STE_01,16.38,4812.68
54,CHE_01,POW_02,37.73,4937.46
175,POW_01,POW_01,58.63,4767.67
121,STE_01,ALU_01,71.0,4867.0
11,POW_02,STE_01,48.08,4885.86
143,CHE_01,CHE_01,22.35,4731.37
126,CHE_01,CHE_01,49.25,4790.28
62,ALU_01,POW_02,35.6,4815.74
152,CHE_01,POW_01,75.56,4749.13
16,ALU_01,POW_01,25.05,4773.87
42,STE_01,CEM_01,67.37,4786.84
139,STE_01,POW_01,45.67,4810.29
120,STE_01,POW_02,58.13,4768.04
141,POW_01,ALU_01,35.98,4869.93
81,POW_02,POW_01,60.72,4834.53
140,POW_01,STE_01,50.15,4795.9
197,ALU_01,CEM_01,46.64,4818.88
174,CEM_01,POW_02,28.61,4696.36
177,POW_02,CEM_01,39.01,4709.26
68,POW_02,POW_02,12.27,4718.68
84,POW_01,ALU_01,60.65,4812.4
19,STE_01,POW_02,44.3,4890.76
33,CHE_01,CEM_01,80.16,4770.85
6,STE_01,STE_01,19.89,4730.64
152,CEM_01,POW_02,82.01,4743.21
67,POW_02,CHE_01,59.45,4812.54
33,ALU_01,CEM_01,41.09,4721.37
83,POW_01,CEM_01,60.14,4746.22
126,CEM_01,POW_01,24.84,4840.23
102,STE_01,STE_01,22.71,4874.41
55,CEM_01,POW_02,74.79,4806.65
168,CHE_01,CEM_01,10.05,4798.29
39,STE_01,CHE_01,50.58,4780.64
36,POW_02,STE_01,77.72,4834.34
81,STE_01,POW_01,52.69,4623.52
169,STE_01,POW_02,77.19,4812.06
42,POW_01,CHE_01,45.93,4811.96
113,POW_01,STE_01,36.81,4779.36
165,CHE_01,POW_01,73.87,4777.99
168,ALU_01,POW_02,68.25,4824.22
23,ALU_01,POW_01,48.77,4770.57
172,CHE_01,POW_02,78.28,4837.83
105,POW_02,CHE_01,27.57,4751.77
174,CHE_01,CHE_01,71.29,4823.78
42,STE_01,POW_02,42.45,4854.2
17,CEM_01,POW_02,55.07,4737.69
57,STE_01,ALU_01,52.67,4860.06
12,CHE_01,CHE_01,54.21,4823.45
81,POW_02,STE_01,61.26,4816.32
122,POW_01,STE_01,79.08,4878.51
152,POW_01,CEM_01,78.97,4826.21
178,POW_02,POW_01,52.5,4746.69
111,STE_01,ALU_01,52.06,4838.32
53,ALU_01,POW_02,30.89,4868.83
5,CEM_01,POW_02,84.07,4778.98
72,STE_01,STE_01,69.45,4784.9
131,STE_01,ALU_01,38.23,4784.18
0,POW_01,CEM_01,54.49,4771.46
55,CHE_01,ALU_01,81.18,4751.68
130,STE_01,CHE_01,36.81,4845.25
111,STE_01,POW_02,56.39,4865.57
100,STE_01,ALU_01,50.77,4721.42
195,POW_02,POW_01,45.11,4791.54
130,CHE_01,CHE_01,52.49,4781.71
119,ALU_01,CEM_01,10.76,4844.0
68,STE_01,CEM_01,70.79,4864.48
187,POW_02,POW_01,41.7,4825.06
194,POW_02,CEM_01,53.36,4870.92
80,ALU_01,POW_01,22.5,4856.16
127,STE_01,POW_02,97.41,4840.36
80,POW_02,CHE_01,62.47,4831.75
134,ALU_01,STE_01,11.74,4865.76
192,ALU_01,STE_01,38.45,4769.4
120,STE_01,POW_01,44.0,4734.46
146,ALU_01,POW_02,31.04,4852.75
53,POW_01,CEM_01,23.3,4857.42
88,POW_02,POW_01,24.03,4899.67
152,CHE_01,POW_02,33.25,4796.57
81,POW_02,POW_01,53.61,4732.74
34,CHE_01,POW_01,55.08,4824.83
153,CEM_01,STE_01,75.97,4888.0
139,ALU_01,POW_01,46.97,4766.24
16,ALU_01,POW_02,5.08,4793.07
181,CEM_01,CHE_01,47.29,4768.48
54,POW_01,CEM_01,72.15,4710.78
190,CEM_01,POW_02,26.47,4873.63
38,POW_01,STE_01,53.8,4775.83
169,ALU_01,STE_01,56.76,4897.93
102,POW_02,CHE_01,29.65,4776.79
107,POW_02,CEM_01,45.99,4696.89
121,STE_01,CHE_01,29.71,4745.15
188,POW_01,STE_01,79.13,4742.93
155,ALU_01,CHE_01,63.2,4758.6
168,STE_01,POW_01,51.25,4786.65
185,CHE_01,STE_01,64.0,4778.27
15,ALU_01,ALU_01,63.75,4898.72
146,POW_01,POW_01,32.91,4666.02
8,POW_02,POW_01,23.71,4739.29
29,CEM_01,POW_01,21.33,4806.5
197,POW_01,POW_02,24.61,4844.78
8,CHE_01,STE_01,66.58,4806.55
121,POW_02,POW_01,72.22,4798.05
28,STE_01,POW_02,80.73,4832.17
129,STE_01,CEM_01,23.33,4788.52
105,POW_02,ALU_01,50.02,4782.74
96,CEM_01,ALU_01,74.73,4822.12
157,POW_01,ALU_01,86.02,4713.16
193,STE_01,POW_02,43.57,4800.66
60,POW_02,ALU_01,42.7,4752.63
191,STE_01,STE_01,42.47,4815.17
64,STE_01,ALU_01,58.95,4787.86
60,ALU_01,ALU_01,66.31,4874.1
11,POW_01,STE_01,70.01,4832.33
186,STE_01,ALU_01,41.18,4817.56
153,CHE_01,POW_01,79.58,4752.43
184,CHE_01,POW_02,30.13,4832.62
132,POW_01,CEM_01,62.99,4671.69
191,CHE_01,ALU_01,77.52,4852.23
179,POW_02,POW_02,72.81,4850.21
39,POW_02,CEM_01,59.21,4811.13
173,POW_02,ALU_01,42.78,4839.68
108,POW_01,ALU_01,48.97,4716.34
196,POW_02,POW_02,35.9,4770.27
33,CHE_01,POW_02,36.8,4746.46
193,CHE_01,POW_02,30.55,4834.44
65,POW_01,STE_01,72.73,4834.29
42,POW_01,CEM_01,26.89,4893.51
122,STE_01,POW_01,36.52,4737.85
54,CHE_01,CEM_01,77.5,4746.98
129,STE_01,ALU_01,58.45,4825.04
111,CEM_01,CHE_01,85.38,4763.06
28,CHE_01,CEM_01,82.08,4760.17
17,ALU_01,CHE_01,59.46,4836.65
1,CEM_01,POW_01,73.08,4799.92
21,POW_02,POW_01,28.41,4765.76
55,STE_01,POW_02,55.83,4864.94
98,POW_01,ALU_01,86.21,4793.06
191,POW_02,STE_01,60.51,4716.1
99,CHE_01,STE_01,57.09,4787.2
38,POW_02,CEM_01,105.71,4799.47
80,ALU_01,STE_01,67.73,4758.46
183,POW_01,POW_01,22.45,4860.63
109,CEM_01,POW_02,74.61,4816.54
1,ALU_01,POW_02,0.97,4841.31
191,POW_01,POW_01,61.49,4852.37
38,POW_02,POW_02,59.29,4784.83
167,STE_01,POW_02,42.26,4787.57
178,CHE_01,POW_02,35.83,4807.05
65,CHE_01,STE_01,42.9,4779.01
108,ALU_01,CHE_01,106.31,4886.77
84,POW_02,STE_01,29.52,4750.38
117,POW_02,ALU_01,35.41,4722.98
77,CHE_01,ALU_01,47.79,4835.02
52,POW_02,POW_01,43.55,4790.95
74,STE_01,STE_01,86.21,4718.82
194,CHE_01,ALU_01,58.4,4845.59
50,ALU_01,ALU_01,48.62,4848.19
130,ALU_01,CEM_01,66.77,4752.7
76,CEM_01,CEM_01,58.05,4733.49
123,POW_02,POW_01,48.16,4850.9
19,POW_02,POW_02,45.72,4845.36
111,STE_01,POW_02,48.91,4849.88
87,STE_01,STE_01,48.94,4785.21
164,ALU_01,POW_02,43.52,4854.71
31,ALU_01,CEM_01,50.6,4902.53
90,CEM_01,STE_01,77.38,4848.25
195,POW_01,CEM_01,26.73,4845.1
109,CEM_01,ALU_01,59.65,4872.99
95,POW_02,CEM_01,66.69,4834.72
49,CEM_01,CEM_01,49.99,4806.7
16,CHE_01,POW_02,51.15,4827.33
16,CHE_01,ALU_01,74.7,4863.26
197,CHE_01,POW_01,43.5,4824.78
160,POW_02,STE_01,63.9,4846.74
155,POW_02,ALU_01,62.76,4783.22
51,STE_01,POW_01,55.83,4800.9
130,CHE_01,CHE_01,56.2,4719.35
54,POW_01,CEM_01,68.49,4858.59
57,POW_01,POW_01,81.17,4826.98
91,ALU_01,STE_01,30.51,4745.64
79,ALU_01,POW_01,72.73,4832.93
108,CEM_01,ALU_01,38.32,4759.25
191,ALU_01,POW_01,34.16,4836.09
71,POW_02,ALU_01,55.58,4919.16
91,STE_01,STE_01,55.63,4813.91
195,POW_01,POW_02,17.09,4762.88
134,POW_01,CHE_01,84.5,4778.69
157,CEM_01,POW_01,42.85,4819.83
75,POW_01,CEM_01,65.54,4780.04
126,CHE_01,ALU_01,59.72,4843.37
195,STE_01,CHE_01,64.02,4693.66
193,POW_02,STE_01,53.57,4885.95
166,POW_01,ALU_01,58.07,4795.48
123,POW_02,CEM_01,53.44,4801.56
96,ALU_01,CHE_01,44.96,4879.57
77,POW_01,POW_01,74.27,4860.7
52,POW_01,POW_01,54.99,4698.29
12,POW_02,POW_02,58.89,4721.55
113,STE_01,POW_01,40.55,4854.64
72,CEM_01,POW_01,39.16,4779.28
68,CEM_01,ALU_01,55.33,4748.86
154,STE_01,CHE_01,23.6,4848.5
8,POW_01,CHE_01,80.44,4794.05
26,CEM_01,POW_02,44.24,4825.19
64,ALU_01,CHE_01,45.47,4752.73
115,STE_01,STE_01,41.86,4774.26
164,CEM_01,ALU_01,54.42,4789.91
146,CHE_01,POW_01,62.11,4816.97
100,STE_01,STE_01,65.89,4860.76
144,STE_01,ALU_01,38.47,4705.91
11,STE_01,POW_02,29.57,4753.04
42,STE_01,POW_02,49.02,4756.1
110,CHE_01,STE_01,49.17,4806.63
187,CHE_01,ALU_01,36.97,4756.83
13,ALU_01,CEM_01,76.1,4803.83
7,STE_01,ALU_01,31.14,4864.89
61,ALU_01,POW_01,34.09,4807.69
190,CEM_01,CEM_01,70.23,4871.44
117,POW_01,ALU_01,43.63,4798.49
39,ALU_01,POW_02,47.6,4693.78
75,POW_02,POW_02,34.5,4797.39
145,POW_02,POW_02,26.68,4817.0
28,STE_01,CHE_01,36.71,4761.52
160,POW_01,CHE_01,17.52,4791.03
94,POW_02,POW_01,65.56,4874.38
186,POW_01,ALU_01,56.98,4827.0
137,STE_01,CEM_01,88.78,4735.98
91,CHE_01,POW_01,49.52,4725.07
121,POW_02,CHE_01,40.4,4838.03
162,POW_01,ALU_01,71.08,4834.11
79,STE_01,CHE_01,40.8,4729.38
122,CEM_01,STE_01,70.93,4787.72
10,CHE_01,ALU_01,41.36,4804.06
137,STE_01,POW_01,15.3,4857.51
103,CHE_01,STE_01,44.32,4847.76
151,CHE_01,CEM_01,44.94,4937.82
56,CHE_01,CEM_01,61.43,4759.89
24,STE_01,CHE_01,42.14,4694.64
121,ALU_01,ALU_01,56.02,4794.11
1,POW_01,POW_01,55.8,4859.57
157,POW_01,STE_01,33.76,4733.83
78,CEM_01,CEM_01,28.99,4737.49
126,ALU_01,STE_01,36.23,4813.67
184,POW_01,POW_02,18.75,4801.73
151,STE_01,STE_01,52.45,4876.21
144,CHE_01,CEM_01,63.41,4771.71
119,CEM_01,CEM_01,44.47,4955.07
25,STE_01,POW_01,38.06,4852.51
67,POW_01,POW_02,27.55,4853.24
178,POW_01,CHE_01,63.3,4722.91
27,CEM_01,POW_01,71.55,4828.35
53,POW_01,POW_02,8.0,4908.69
122,POW_01,ALU_01,90.87,4785.01
164,CEM_01,CEM_01,80.92,4906.47
58,POW_01,ALU_01,40.21,4847.99
28,STE_01,CEM_01,50.44,4873.29
148,ALU_01,ALU_01,53.69,4826.49
98,POW_02,CHE_01,58.27,4861.79
49,CHE_01,STE_01,43.43,4696.68
153,ALU_01,ALU_01,58.61,4792.22
51,CEM_01,CHE_01,63.19,4773.58
158,POW_01,CEM_01,98.66,4805.94
12,CEM_01,POW_02,49.26,4775.58
21,CHE_01,STE_01,37.95,4726.94
90,POW_01,STE_01,70.3,4824.38
188,CHE_01,CEM_01,50.08,4818.88
63,POW_01,CHE_01,53.61,4799.2
61,CEM_01,CEM_01,52.4,4855.81
7,ALU_01,POW_02,43.58,4778.29
126,POW_01,CEM_01,41.89,4855.43
61,CHE_01,STE_01,41.31,4845.84
151,POW_01,CEM_01,35.77,4747.54
151,ALU_01,CHE_01,42.03,4849.04
93,CEM_01,CEM_01,86.4,4783.42
76,POW_01,POW_01,49.33,4821.13
55,CHE_01,CEM_01,35.28,4776.17
125,ALU_01,CEM_01,31.13,4878.5
35,CEM_01,POW_02,73.87,4828.46
130,ALU_01,CHE_01,38.78,4643.1
144,ALU_01,STE_01,53.7,4743.46
90,POW_01,STE_01,16.87,4724.75
129,CHE_01,POW_01,10.04,4783.34
181,CEM_01,ALU_01,55.38,4840.74
9,CEM_01,POW_01,17.88,4804.15
135,POW_02,STE_01,54.71,4696.47
57,ALU_01,ALU_01,67.22,4673.53
19,STE_01,ALU_01,34.13,4799.78
39,POW_01,STE_01,40.44,4782.57
173,CHE_01,CEM_01,41.65,4848.7
70,CHE_01,STE_01,36.49,4833.05
71,POW_01,STE_01,42.47,4814.59
158,CHE_01,STE_01,41.75,4882.99
145,STE_01,POW_01,45.81,4820.71
60,POW_02,POW_01,51.16,4842.48
55,POW_02,CEM_01,60.05,4772.4
189,CEM_01,POW_02,59.07,4823.73
39,POW_01,POW_02,51.21,4901.37
34,POW_02,POW_01,35.1,4733.22
3,CHE_01,CEM_01,59.73,4725.35
25,CEM_01,POW_01,65.56,4772.02
123,POW_02,CEM_01,52.93,4866.28
70,CEM_01,CEM_01,43.01,4803.23
134,POW_01,ALU_01,91.55,4755.95
139,POW_02,STE_01,7.1,4835.3
176,CHE_01,POW_02,62.2,4796.35
38,ALU_01,POW_01,54.59,4799.3
133,STE_01,POW_01,79.19,4720.77
141,ALU_01,POW_01,85.81,4688.87
23,ALU_01,CHE_01,62.7,4826.33
159,CEM_01,CHE_01,41.67,4766.99
12,ALU_01,CEM_01,61.34,4842.05
0,STE_01,CHE_01,28.2,4920.28
117,STE_01,CEM_01,52.08,4849.87
151,ALU_01,ALU_01,35.76,4728.18
125,ALU_01,ALU_01,59.91,4815.98
3,STE_01,STE_01,16.74,4765.08
193,STE_01,STE_01,43.96,4818.73
63,CEM_01,CEM_01,54.26,4853.7
109,POW_02,POW_01,46.13,4781.54
115,ALU_01,STE_01,43.91,4834.24
53,CHE_01,ALU_01,36.06,4808.97
125,POW_02,ALU_01,45.76,4829.8
25,POW_01,ALU_01,78.53,4850.88
45,POW_02,POW_01,39.22,4797.29
116,STE_01,CHE_01,25.74,4868.1
157,STE_01,CHE_01,30.72,4877.82
41,STE_01,CHE_01,42.11,4748.51
17,POW_01,STE_01,63.76,4791.39
73,POW_01,ALU_01,45.32,4798.9
148,CHE_01,CEM_01,65.34,4685.43
61,POW_02,CHE_01,76.96,4746.56
113,POW_01,CEM_01,33.62,4876.55
144,CEM_01,POW_01,54.79,4835.77
24,ALU_01,CEM_01,44.76,4804.95
191,ALU_01,STE_01,68.2,4813.38
137,STE_01,STE_01,66.11,4858.17
169,ALU_01,CEM_01,57.76,4730.5
10,POW_02,POW_02,28.99,4889.49
46,CEM_01,POW_01,43.73,4766.83
195,ALU_01,CEM_01,48.64,4778.06
52,POW_01,POW_01,48.76,4738.76
180,STE_01,CHE_01,38.4,4819.23
76,POW_01,POW_01,55.09,4749.47
131,CHE_01,ALU_01,58.64,4795.13
67,CHE_01,ALU_01,56.37,4746.46
155,STE_01,POW_02,35.33,4868.59
82,POW_01,STE_01,42.74,4877.47
130,POW_02,POW_02,27.96,4754.44
145,POW_01,POW_01,36.22,4719.17
168,ALU_01,ALU_01,61.91,4722.63
67,CHE_01,STE_01,46.14,4845.86
97,ALU_01,ALU_01,46.87,4720.85
104,CEM_01,POW_01,70.63,4746.14
84,STE_01,CHE_01,39.23,4793.82
192,CEM_01,STE_01,50.36,4886.97
126,ALU_01,CEM_01,22.09,4802.34
108,POW_01,POW_02,67.61,4782.46
123,STE_01,POW_02,46.73,4839.51
53,POW_01,STE_01,65.32,4698.07
20,ALU_01,STE_01,64.87,4734.16
181,STE_01,CHE_01,49.35,4856.62
172,POW_01,CHE_01,60.72,4864.53
181,CEM_01,CEM_01,22.49,4832.3
71,CEM_01,CEM_01,39.93,4823.28
120,POW_01,POW_02,13.71,4781.86
139,CEM_01,CHE_01,68.86,4785.34
111,STE_01,POW_02,61.73,4904.41
70,ALU_01,CEM_01,77.4,4740.57
69,CEM_01,POW_01,76.01,4875.15
66,CEM_01,POW_01,80.21,4796.86
174,CEM_01,POW_01,46.67,4707.0
153,CHE_01,CEM_01,21.85,4832.87
97,POW_02,CHE_01,42.66,4752.02
87,ALU_01,CEM_01,90.37,4823.81
56,ALU_01,ALU_01,61.0,4821.24
174,ALU_01,ALU_01,72.91,4937.81
15,POW_02,CEM_01,65.22,4764.47
190,ALU_01,ALU_01,61.69,4682.32
25,CEM_01,POW_01,44.24,4824.53
172,ALU_01,ALU_01,28.86,4838.4
114,CHE_01,CHE_01,67.49,4785.31
58,CEM_01,CHE_01,32.95,4755.79
82,CHE_01,CEM_01,82.21,4829.47
44,POW_01,ALU_01,61.19,4841.4
67,ALU_01,CEM_01,63.4,4775.26
118,STE_01,POW_02,50.92,4849.8
145,CEM_01,CHE_01,17.69,4803.43
117,CEM_01,POW_01,33.52,4795.61
90,STE_01,POW_02,68.78,4728.69
180,POW_02,POW_02,26.26,4760.9
159,POW_02,CEM_01,27.23,4839.83
139,POW_02,STE_01,79.22,4874.75
129,POW_01,STE_01,10.1,4868.3
155,POW_02,STE_01,48.83,4795.0
150,CEM_01,POW_02,57.43,4790.98
49,STE_01,POW_02,88.42,4749.32
80,POW_02,STE_01,71.04,4753.2
38,ALU_01,CEM_01,59.07,4778.68
131,ALU_01,CEM_01,16.62,4857.52
124,STE_01,STE_01,45.27,4870.89
56,CHE_01,CEM_01,17.37,4821.36
88,ALU_01,ALU_01,55.7,4833.81
65,POW_01,ALU_01,23.62,4744.12
103,POW_01,ALU_01,69.74,4789.19
90,ALU_01,ALU_01,62.78,4841.6
167,POW_02,POW_01,39.98,4803.63
132,CHE_01,POW_02,58.59,4834.67
150,ALU_01,POW_01,54.7,4722.72
176,ALU_01,CHE_01,52.62,4890.24
85,CEM_01,CEM_01,50.7,4781.48
73,STE_01,CEM_01,64.74,4762.53
161,ALU_01,CEM_01,51.9,4806.27
72,CEM_01,STE_01,43.29,4579.71
160,CEM_01,CEM_01,57.78,4780.21
25,POW_01,ALU_01,37.02,4918.82
122,STE_01,POW_02,74.23,4765.44
47,POW_01,STE_01,66.46,4856.22
66,CHE_01,ALU_01,10.83,4699.81
48,CEM_01,STE_01,44.93,4715.98
182,POW_02,POW_02,48.08,4705.04
196,POW_02,POW_01,49.17,4881.71
88,POW_02,STE_01,60.0,4687.05
3,ALU_01,POW_01,76.18,4817.0
40,STE_01,CHE_01,79.17,4750.56
77,STE_01,CHE_01,12.92,4838.62
48,ALU_01,ALU_01,67.57,4735.5
21,CHE_01,POW_01,14.08,4758.97
151,CHE_01,CEM_01,70.74,4822.15
197,CHE_01,CEM_01,59.09,4695.86
32,CHE_01,POW_01,34.93,4677.97
58,POW_01,STE_01,41.06,4919.55
57,ALU_01,ALU_01,41.07,4804.56
34,CHE_01,POW_01,74.08,4829.55
182,POW_01,CEM_01,39.42,4800.18
112,CEM_01,CEM_01,42.41,4821.49
128,CEM_01,STE_01,58.32,4800.51
43,POW_01,STE_01,82.36,4824.36
32,CEM_01,CEM_01,39.13,4725.81
104,POW_01,POW_01,55.76,4644.29
189,POW_01,CHE_01,36.28,4760.21
83,ALU_01,STE_01,70.2,4892.9
78,ALU_01,STE_01,27.91,4761.14
81,CEM_01,CHE_01,57.88,4690.4
24,POW_02,CHE_01,58.25,4891.36
169,POW_02,ALU_01,42.96,4862.34
196,CEM_01,CEM_01,72.67,4764.99
4,CEM_01,POW_02,86.74,4845.57
62,ALU_01,POW_01,50.61,4832.34
92,STE_01,STE_01,56.88,4725.48
6,STE_01,CHE_01,54.2,4872.98
78,STE_01,POW_01,73.32,4839.05
53,CHE_01,POW_02,66.21,4827.92
174,STE_01,CEM_01,52.04,4867.14
35,STE_01,ALU_01,49.15,4685.32
84,STE_01,ALU_01,35.79,4794.08
156,POW_01,CEM_01,45.25,4893.96
109,STE_01,ALU_01,50.72,4877.44
1,ALU_01,STE_01,82.98,4713.09
116,POW_02,CEM_01,67.27,4839.05
125,POW_02,CEM_01,8.95,4762.07
48,CHE_01,CEM_01,40.29,4823.94
191,STE_01,POW_02,74.16,4755.45
190,CHE_01,CEM_01,72.39,4883.42
41,POW_01,POW_01,16.0,4927.61
138,CEM_01,CEM_01,48.24,4865.93
47,ALU_01,CEM_01,80.95,4867.63
6,POW_01,CEM_01,36.53,4815.39
130,STE_01,POW_01,42.38,4792.93
62,CHE_01,POW_01,52.14,4893.88
111,POW_02,CEM_01,30.36,4855.92
64,ALU_01,CEM_01,70.96,4822.56
24,CEM_01,ALU_01,53.93,4766.76
